CONCEPT_PATH;CONCEPT_CD;NAME_CHAR;VALTYPE_CD;RELATED_CONCEPT;UNIT_CD;CONCEPT_BLOB;UPDATE_DATE;DOWNLOAD_DATE;IMPORT_DATE;SOURCESYSTEM_CD;UPLOAD_ID
\CONCEPT;GENERAL_CONCEPT;CONCEPT;S;;;;;;06.01.23;CUSTOM;859723
\CONCEPT\LA\1;LOINC;LOINC;A;;;;;;06.01.23;CUSTOM;859723
\CONCEPT\LA\2;SNOMED-CT;SNOMED-CT;A;;;;;;06.01.23;CUSTOM;859723
\CONCEPT\LA\3;ICD10-2019;ICD10-2019;A;;;;;;06.01.23;CUSTOM;859723
\CONCEPT\LA\4;CUSTOM;CUSTOM;A;;;;;;06.01.23;CUSTOM;859723
\CONCEPT\LA\U;UNKNOWN;unbekannt;A;;;;;;06.01.23;CUSTOM;859723
\CUSTOM\Anamnese\DrugIntake;CUSTOM: DRUGINTAKE;Einnahme Demenz Medikament;F;;;;;;16.01.23;SNOMED-CT;859723
\CUSTOM\ANAMNESE\EDUCATION;CUSTOM: Anamnese\Education;Bildungsgrad;S;;;;;;18.01.23;CUSTOM;859723
\CUSTOM\ANAMNESE\EDUCATION\LA\1\Anamnese\Education\LA1;CUSTOM: Anamnese\Education\LA1;8. Klasse;A;;;;;;18.01.23;CUSTOM;859723
\CUSTOM\ANAMNESE\EDUCATION\LA\2\Anamnese\Education\LA2;CUSTOM: Anamnese\Education\LA2;10. Klasse;A;;;;;;18.01.23;CUSTOM;859723
\CUSTOM\ANAMNESE\EDUCATION\LA\3\Anamnese\Education\LA3;CUSTOM: Anamnese\Education\LA3;Abitur;A;;;;;;18.01.23;CUSTOM;859723
\CUSTOM\ANAMNESE\EDUCATION\LA\4\Anamnese\Education\LA4;CUSTOM: Anamnese\Education\LA4;Fachschule;A;;;;;;18.01.23;CUSTOM;859723
\CUSTOM\ANAMNESE\EDUCATION\LA\5\Anamnese\Education\LA5;CUSTOM: Anamnese\Education\LA5;keine;A;;;;;;18.01.23;CUSTOM;859723
\CUSTOM\ANAMNESE\EDUCATION\LA\6\Anamnese\Education\LA6;CUSTOM: Anamnese\Education\LA6;unbekannt;A;;;;;;18.01.23;CUSTOM;859723
\CUSTOM\ANAMNESE\EDUCATION\LA\6\Anamnese\Education\LA7;CUSTOM: Anamnese\Education\LA7;9. Klasse;A;;;;;;18.01.23;CUSTOM;859723
\CUSTOM\ANAMNESE\EDUCATION\LA\6\Anamnese\Education\LA8;CUSTOM: Anamnese\Education\LA8;education;A;;;;;;18.01.23;CUSTOM;859723
\CUSTOM\ANAMNESE\EDUCATION\LA\6\Anamnese\Education\LA9;CUSTOM: Anamnese\Education\LA9;studium;A;;;;;;18.01.23;CUSTOM;859723
\CUSTOM\Diagnosis\Dementia;CUSTOM: DIAGNOSIS_DEMENTIA;Schweregrad der Demenz;S;;;;;;21.01.23;CUSTOM;859723
\CUSTOM\IMAGING\CT\BRAIN\Findings;CUSTOM: CT\BRAIN\FINDINGS;Befund CT Schaedel / CCT;T;;;;;;16.01.23;CUSTOM;859723
\CUSTOM\IMAGING\FMRT\BRAIN\EXISTS;CUSTOM: FMRI_BRAIN_EXISTS;fMRT existiert;F;;;;;;16.01.23;CUSTOM;859723
\CUSTOM\IMAGING\MEG\EXISTS;CUSTOM: MEG_EXISTS;MEG existiert;F;;;;;;16.01.23;CUSTOM;859723
\CUSTOM\IMAGING\MRI\BRAIN\EXISTS;CUSTOM: MRI_BRAIN_EXISTS;MRT Schaedel exisitiert;F;;;;;;16.01.23;CUSTOM;859723
\CUSTOM\IMAGING\MRI\BRAIN\EXISTS\90D;MOD: MRI_BRAIN_EXISTS 90D;MRT_3T_2_90d;F;CUSTOM: MRI_BRAIN_EXISTS;;;;;16.01.23;CUSTOM;859723
\CUSTOM\IMAGING\MRI\BRAIN\Findings;CUSTOM: MRI\BRAIN\FINDINGS;Befund MRT Schaedel / cMRT;T;;;;;;16.01.23;CUSTOM;859723
\CUSTOM\METABOLIC\VO2MAX\6MIN;CUSTOM: VO2MAX\6MIN;VO2max - 6min;N;;POINTS;;;;18.01.23;CUSTOM;859723
\CUSTOM\METABOLIC\VO2MAX\ERGOMETER;CUSTOM: VO2MAX\ERGOMETER;VO2max - Ergometer;N;;POINTS;;;;18.01.23;CUSTOM;859723
\CUSTOM\METABOLIC\VO2MAX\FB;CUSTOM: VO2MAX\FB;VO2max - FB;N;;POINTS;;;;18.01.23;CUSTOM;859723
\CUSTOM\NP\BADL;CUSTOM: NP\BADL;B-ADL / Gesamtscore;N;;;;;;16.01.23;CUSTOM;859723
\CUSTOM\NP\BFI10;CUSTOM: NP\BFI10;BFI-10 (Big Five Inventory);N;;POINTS;;;;18.01.23;CUSTOM;859723
\CUSTOM\NP\BFI10\E;CUSTOM: NP\BFI10\E;BFI-10 Extraversion;N;;POINTS;;;;18.01.23;CUSTOM;859723
\CUSTOM\NP\BFI10\G;CUSTOM: NP\BFI10\G;BFI-10 Gewissenhaftigkeit;N;;POINTS;;;;18.01.23;CUSTOM;859723
\CUSTOM\NP\BFI10\N;CUSTOM: NP\BFI10\N;BFI-10 Neurotizismus;N;;POINTS;;;;18.01.23;CUSTOM;859723
\CUSTOM\NP\BFI10\O;CUSTOM: NP\BFI10\O;BFI-10 Offenheit;N;;POINTS;;;;18.01.23;CUSTOM;859723
\CUSTOM\NP\BFI10\V;CUSTOM: NP\BFI10\V;BFI-10 Vertraeglichkeit;N;;POINTS;;;;18.01.23;CUSTOM;859723
\CUSTOM\NP\ECOG;CUSTOM: NP\ECOG;ECOG - Everyday Cognition;N;;POINTS;;;;18.01.23;CUSTOM;859723
\CUSTOM\NP\ECOG\TOTAL;CUSTOM: NP\ECOG\TOTALSCORE;ECOG - Total Score;N;;POINTS;;;;18.01.23;CUSTOM;859723
\CUSTOM\NP\IQCODE;CUSTOM: NP\IQCODE;IQCODE / Gesamtscore;N;;;;;;16.01.23;CUSTOM;859723
\CUSTOM\NP\Lachs;CUSTOM: NP\LACHS;Lachs / Gesamtscore;T;;;;;;16.01.23;CUSTOM;859723
\CUSTOM\NP\MFQ;CUSTOM: NP\MFQ;MFQ (Memory Functioning Questionnaire);N;;POINTS;;;;18.01.23;CUSTOM;859723
\CUSTOM\NP\MFQ\1;CUSTOM: NP\MFQ\1;MFQ - Subscore 1 (subjective complaint);N;;POINTS;;;;18.01.23;CUSTOM;859723
\CUSTOM\NP\MFQ\2;CUSTOM: NP\MFQ\2;MFQ - Subscore 2;N;;POINTS;;;;18.01.23;CUSTOM;859723
\CUSTOM\NP\MFQ\3;CUSTOM: NP\MFQ\3;MFQ - Subscore 3;N;;POINTS;;;;18.01.23;CUSTOM;859723
\CUSTOM\NP\MFQ\4;CUSTOM: NP\MFQ\4;MFQ - Subscore 4;N;;POINTS;;;;18.01.23;CUSTOM;859723
\CUSTOM\NP\MFQ\5;CUSTOM: NP\MFQ\5;MFQ - Subscore 5;N;;POINTS;;;;18.01.23;CUSTOM;859723
\CUSTOM\NP\MFQ\6;CUSTOM: NP\MFQ\6;MFQ - Subscore 6;N;;POINTS;;;;18.01.23;CUSTOM;859723
\CUSTOM\NP\MFQ\7;CUSTOM: NP\MFQ\7;MFQ - Subscore 7;N;;POINTS;;;;18.01.23;CUSTOM;859723
\CUSTOM\NP\MFQ\8;CUSTOM: NP\MFQ\8;MFQ - Subscore 8;N;;POINTS;;;;18.01.23;CUSTOM;859723
\CUSTOM\NP\MWTB;CUSTOM: NP\MWTB;MWT-B (Mehrfachwahl-Wortschatz-Intelligenztest);F;;;;;;18.01.23;CUSTOM;859723
\CUSTOM\NP\MWTB\C;CUSTOM: NP\MWTB\C;MWT-B C-Wert;N;;POINTS;;;;18.01.23;CUSTOM;859723
\CUSTOM\NP\MWTB\RAW;CUSTOM: NP\MWTB\RAW;MWT-B Rohwert;N;;POINTS;;;;18.01.23;CUSTOM;859723
\CUSTOM\Progressing\toDementia;CUSTOM: PROGRESSION_DEMENTIA;Progredienz zu Demenz;F;;;;;;06.01.23;CUSTOM;79190712
\CUSTOM\SCORES\BAIN_TREMOR;CUSTOM: SCORES\BAIN_TREMOR;Bain Tremorskala;N;;POINTS;;;;26.01.23;CUSTOM;859723
\CUSTOM\SCORES\CAIDE;CUSTOM: SCORES\BAIN_CAIDE;CAIDE Dementia Risk Score;N;;POINTS;;;;01.02.23;CUSTOM;859723
\CUSTOM\SCORES\DNMSQUEST;CUSTOM: SCORES\DNMSQUEST;DNMSQuest - Dystonia Non-Motor Symptoms Questionnaire;N;;POINTS;;;;26.01.23;CUSTOM;859723
\CUSTOM\SCORES\NMSQUEST;CUSTOM: SCORES\NMSQUEST;NMS Quest - Parkinson;N;;POINTS;;;;26.01.23;CUSTOM;859723
\CUSTOM\SCORES\TWSTRS;CUSTOM: SCORES\TWSTRS;TWSTRS - Toronto Western Spasmodic Torticollis Rating Scale;N;;POINTS;;;;22.02.23;CUSTOM;859723
\CUSTOM\STROKE\DIAGNOSIS\DIAGNOSE_PRIM;CUSTOM: STROKE_DIAGNOSE_PRIM;Schlaganfalldiagnose;T;;;;;;01.03.23;CUSTOM;859723
\CUSTOM\STROKE\DIAGNOSIS\DIAGNOSE_SEC;CUSTOM: STROKE_DIAGNOSE_SEC;Sek. Schlaganfalldiagnose;T;;;;;;01.03.23;CUSTOM;859723
\CUSTOM\STROKE\EXTERN\IS_EXTERNE_ZUVERLEGUNG;CUSTOM: STROKE_IS_EXTERNE_ZUVERLEGUNG;Externe Zuverlegung;F;;;;;;01.03.23;CUSTOM;859723
\CUSTOM\STROKE\LOCATION\BRAIN_SIDE_AFFECTED_PRIM;CUSTOM: STROKE_BRAIN_SIDE_AFFECTED_PRIM;Lokalisation Schlaganfall;S;;;;;;01.03.23;CUSTOM;859723
\CUSTOM\STROKE\LOCATION\BRAIN_SIDE_AFFECTED_PRIM\LA\1;CUSTOM: STROKE_SIDE_LEFT;left;A;;;;;;01.03.23;CUSTOM;859723
\CUSTOM\STROKE\LOCATION\BRAIN_SIDE_AFFECTED_PRIM\LA\2;CUSTOM: STROKE_SIDE_RIGHT;right;A;;;;;;01.03.23;CUSTOM;859723
\CUSTOM\STROKE\LOCATION\BRAIN_SIDE_AFFECTED_PRIM\LA\3;CUSTOM: STROKE_SIDE_BOTH;both;A;;;;;;01.03.23;CUSTOM;859723
\CUSTOM\STROKE\LOCATION\BRAIN_SIDE_AFFECTED_PRIM\LA\4;CUSTOM: STROKE_SIDE_UNKNOWN;unknown;A;;;;;;01.03.23;CUSTOM;859723
\CUSTOM\STROKE\LOCATION\BRAIN_SIDE_AFFECTED_SEC;CUSTOM: STROKE_BRAIN_SIDE_AFFECTED_SEC;Lokalisation Schlaganfall sekunaer;S;;;;;;01.03.23;CUSTOM;859723
\CUSTOM\STROKE\LOCATION\BRAIN_SIDE_AFFECTED_SEC\LA\1;CUSTOM: STROKE_SIDE_SEC_LEFT;left;A;;;;;;01.03.23;CUSTOM;859723
\CUSTOM\STROKE\LOCATION\BRAIN_SIDE_AFFECTED_SEC\LA\2;CUSTOM: STROKE_SIDE_SEC_RIGHT;right;A;;;;;;01.03.23;CUSTOM;859723
\CUSTOM\STROKE\LOCATION\BRAIN_SIDE_AFFECTED_SEC\LA\3;CUSTOM: STROKE_SIDE_SEC_BOTH;both;A;;;;;;01.03.23;CUSTOM;859723
\CUSTOM\STROKE\LOCATION\BRAIN_SIDE_AFFECTED_SEC\LA\4;CUSTOM: STROKE_SIDE_SEC_UNKNOWN;unknown;A;;;;;;01.03.23;CUSTOM;859723
\CUSTOM\STROKE\LOCATION\PRIMARY;CUSTOM: STROKE_LOCATION_PRIMARY;Strokelokalisation_1;T;;;;;;01.03.23;CUSTOM;859723
\CUSTOM\STROKE\LOCATION\SECONDARY;CUSTOM: STROKE_LOCATION_SECONDARY;Strokelokalisation_2;T;;;;;;01.03.23;CUSTOM;859723
\CUSTOM\STROKE\REPORT\IS_OAK_AT_RELEASE;CUSTOM: STROKE_IS_OAK_AT_RELEASE;is_OAK_bei_Entlassung;F;;;;;;01.03.23;CUSTOM;859723
\CUSTOM\STROKE\REPORT\IS_REPORT_ANTICOAGULATION;CUSTOM: STROKE_IS_REPORT_ANTICOAGULATION;is_report_anticoagulation;F;;;;;;01.03.23;CUSTOM;859723
\CUSTOM\STROKE\REPORT\IS_REPORT_DIABETES;CUSTOM: STROKE_IS_REPORT_DIABETES;is_report_diabetes;F;;;;;;01.03.23;CUSTOM;859723
\CUSTOM\STROKE\REPORT\IS_REPORT_DTAH;CUSTOM: STROKE_IS_REPORT_DTAH;is_report_DTAH;F;;;;;;01.03.23;CUSTOM;859723
\CUSTOM\STROKE\REPORT\IS_REPORT_HYPERTENSION;CUSTOM: STROKE_IS_REPORT_HYPERTENSION;is_report_hypertension;F;;;;;;01.03.23;CUSTOM;859723
\CUSTOM\STROKE\REPORT\IS_REPORT_MI;CUSTOM: STROKE_IS_REPORT_MI;is_report_MI;F;;;;;;01.03.23;CUSTOM;859723
\CUSTOM\STROKE\REPORT\IS_REPORT_PRE_STROKE;CUSTOM: STROKE_IS_REPORT_PRE_STROKE;is_report_pre_stroke;F;;;;;;01.03.23;CUSTOM;859723
\CUSTOM\STROKE\REPORT\IS_REPORT_TAH;CUSTOM: STROKE_IS_REPORT_TAH;is_report_TAH;F;;;;;;01.03.23;CUSTOM;859723
\CUSTOM\STROKE\REPORT\IS_REPORT_VASCULAR_DISEASES;CUSTOM: STROKE_IS_REPORT_VASCULAR_DISEASES;is_report_vascular_diseases;F;;;;;;01.03.23;CUSTOM;859723
\CUSTOM\STROKE\REPORT\IS_REPORT_VHF;CUSTOM: STROKE_IS_REPORT_VHF;is_report_VHF;F;;;;;;01.03.23;CUSTOM;859723
\CUSTOM\STROKE\REPORT\IS_VHF_AT_RELEASE;CUSTOM: STROKE_IS_AA_AT_RELEASE;is_VHF_bei_Entlassung;F;;;;;;01.03.23;CUSTOM;859723
\CUSTOM\STROKE\REPORT\N_KONSIL_ZNA;CUSTOM: STROKE_N_KONSIL_ZNA;Konsil ZNA;T;;;;;;01.03.23;CUSTOM;859723
\CUSTOM\STROKE\REPORT\PHYSICIAN;CUSTOM: STROKE_PHYSICIAN;physician;T;;;;;;01.03.23;CUSTOM;859723
\CUSTOM\STROKE\REPORT\REPORT_ANTICOAGULATION;CUSTOM: STROKE_REPORT_ANTICOAGULATION;report_anticoagulation;T;;;;;;01.03.23;CUSTOM;859723
\CUSTOM\STROKE\REPORT\REPORT_HISTORY;CUSTOM: STROKE_REPORT_HISTORY;Report;T;;;;;;01.03.23;CUSTOM;859723
\CUSTOM\STROKE\REPORT\REPORT_MEDICATION;CUSTOM: STROKE_REPORT_MEDICATION;report_medication;T;;;;;;01.03.23;CUSTOM;859723
\CUSTOM\STROKE\REPORT\REPORT_NEUROLOGIC;CUSTOM: STROKE_REPORT_NEUROLOGIC;report_neurologic;T;;;;;;01.03.23;CUSTOM;859723
\CUSTOM\STROKE\REPORT\REPORT_PRE_DISEASES;CUSTOM: STROKE_REPORT_PRE_DISEASES;Report Vorerkrankungen;T;;;;;;01.03.23;CUSTOM;859723
\CUSTOM\STROKE\SCORE\NIHS\IS_NIHSSKOMPLETT;CUSTOM: STROKE_IS_NIHSSKOMPLETT;is_NIHSSKomplett;F;;;;;;01.03.23;CUSTOM;859723
\CUSTOM\STROKE\SCORE\TICI\POST_THROMBECTOMY;CUSTOM: STROKE_TICI_POST_THROMBECTOMY;tici_post_thrombectomy;S;;;;;;01.03.23;CUSTOM;859723
\CUSTOM\STROKE\SCORE\TICI\POST_THROMBECTOMY\LA\1;CUSTOM: STROKE_TICI_GRAD_1;Grad 1;A;;;;;;01.03.23;CUSTOM;859723
\CUSTOM\STROKE\SCORE\TICI\POST_THROMBECTOMY\LA\2;CUSTOM: STROKE_TICI_GRAD_2;Grade 2: partial perfusion;A;;;;;;01.03.23;CUSTOM;859723
\CUSTOM\STROKE\SCORE\TICI\POST_THROMBECTOMY\LA\2B;CUSTOM: STROKE_TICI_GRAD_2B;Grade 2B: complete filling of all of the expected vascular territory is visualized but the filling is slower than normal;A;;;;;;01.03.23;CUSTOM;859723
\CUSTOM\STROKE\SCORE\TICI\POST_THROMBECTOMY\LA\3;CUSTOM: STROKE_TICI_GRAD_3;Grade 3: complete perfusion;A;;;;;;01.03.23;CUSTOM;859723
\CUSTOM\STROKE\SCORE\TICI\POST_THROMBECTOMY\LA\KA;CUSTOM: STROKE_TICI_GRAD_KA;k.A.;A;;;;;;01.03.23;CUSTOM;859723
\CUSTOM\STROKE\SYMPTOMES\DT_LAST_KNOWN_SYMPTOM_FREE;CUSTOM: STROKE_DT_LAST_KNOWN_SYMPTOM_FREE;Datum zuletzt symptomfrei;D;;;;;;01.03.23;CUSTOM;859723
\CUSTOM\STROKE\SYMPTOMES\IS_SYMPTOM_ONSET_KNOWN;CUSTOM: STROKE_IS_SYMPTOM_ONSET_KNOWN;Symptombeginn ist bekannt;F;;;;;;01.03.23;CUSTOM;859723
\CUSTOM\STROKE\SYMPTOMES\TIME_LAST_KNOWN_SYMPTOM_FREE;CUSTOM: STROKE_TIME_LAST_KNOWN_SYMPTOM_FREE;Uhrzeit zuletzt symptomfrei;T;;;;;;01.03.23;CUSTOM;859723
\CUSTOM\STROKE\TEA\IS_AKUTE_TEA_0_BIS_48H;CUSTOM: STROKE_IS_AKUTE_TEA_0_BIS_48H;TEA innerhalb der ersten 48h;F;;;;;;01.03.23;CUSTOM;859723
\CUSTOM\STROKE\TELESTROKE\IS_TELEKONSIL_VORHANDEN;CUSTOM: STROKE_IS_TELEKONSIL_VORHANDEN;Telekonsil vorhanden;F;;;;;;01.03.23;CUSTOM;859723
\CUSTOM\STROKE\THROMBECTOMY\IS_THROMBECTOMY;CUSTOM: STROKE_IS_THROMBECTOMY;Thrombektomie erfolgt;F;;;;;;01.03.23;CUSTOM;859723
\CUSTOM\STROKE\THROMBECTOMY\IS_THROMBECTOMY_SUCCESS;CUSTOM: STROKE_IS_THROMBECTOMY_SUCCESS;Thrombektomie erfolgreich;F;;;;;;01.03.23;CUSTOM;859723
\CUSTOM\STROKE\THROMBOLYSIS\IS_THROMBOLYSIS;CUSTOM: STROKE_IS_THROMBOLYSIS;Thrombolyse erfolgt;F;;;;;;01.03.23;CUSTOM;859723
\ICD-10\F00-F09\F06\F06.7;ICD10: F06.7;Mild cognitive disorder;A;;;;;;06.01.23;ICD10-2019;859723
\ICD-10\I00-I99\I11\I11.0;ICD10: I11.0;Hypertensive heart disease with (congestive) heart failure;A;;;;;;06.01.23;ICD10-2019;859723
\LOINC\ADMIN.DEMOG\Patient\46463-6;LID: 46463-6;Race or Ethnicity;S;;;;;;06.01.23;LOINC;859723
\LOINC\ADMIN.DEMOG\Patient\46463-6\LA\1;LID: LA6155-1;American Indian or Alaska Native;A;;;;;;06.01.23;LOINC;859723
\LOINC\ADMIN.DEMOG\Patient\46463-6\LA\2;LID: LA6156-9;Asian;A;;;;;;06.01.23;LOINC;859723
\LOINC\ADMIN.DEMOG\Patient\46463-6\LA\3;LID: LA6162-7;Black or African-American;A;;;;;;06.01.23;LOINC;859723
\LOINC\ADMIN.DEMOG\Patient\46463-6\LA\4;LID: LA6214-6;Hispanic or Latino;A;;;;;;06.01.23;LOINC;859723
\LOINC\ADMIN.DEMOG\Patient\46463-6\LA\5;LID: LA6266-6;Native Hawaiian or Pacific Islander;A;;;;;;06.01.23;LOINC;859723
\LOINC\ADMIN.DEMOG\Patient\46463-6\LA\6;LID: LA4457-3;White;A;;;;;;06.01.23;LOINC;859723
\LOINC\ADMIN.DEMOG\Patient\46463-6\LA\UK;LID: LA4489-6;Unknown;A;;;;;;06.01.23;LOINC;859723
\LOINC\ADMIN.DEMOG\Patient\54505-3;LID: 54505-3;Language;S;;;;;;06.01.23;LOINC;859723
\LOINC\ADMIN.DEMOG\Patient\54505-3\LA\1;LID: LA43-XX;German;A;;;;;;06.01.23;LOINC;859723
\LOINC\ADMIN.DEMOG\Patient\54505-3\LA\2;LID: LA43-5;English;A;;;;;;06.01.23;LOINC;859723
\LOINC\ADMIN.DEMOG\Patient\54505-3\LA\3;LID: LA44-3;Spanish;A;;;;;;06.01.23;LOINC;859723
\LOINC\ADMIN.DEMOG\Patient\54505-3\LA\4;LID: LA4168-6;Chinese;A;;;;;;06.01.23;LOINC;859723
\LOINC\ADMIN.DEMOG\Patient\54505-3\LA\4;LID: LA46-8;Other;A;;;;;;06.01.23;LOINC;859723
\LOINC\ADMIN.DEMOG\Patient\74287-4;LID: 74287-4;Occupation;T;;;;;;06.01.23;LOINC;79190712
\LOINC\ADMIN.DEMOG\Patient\80904-6;LID: 80904-6;Birth year;N;;;;;;01.03.23;LOINC;859723
\LOINC\ADMIN.PATIENT.DEMOG\Patient\45404-1;LID: 45404-1;Maritual status;S;;;;;;06.01.23;LOINC;859723
\LOINC\ADMIN.PATIENT.DEMOG\Patient\45404-1\LA\1;LID: LA45404-1;never married;A;;;;;;06.01.23;LOINC;859723
\LOINC\ADMIN.PATIENT.DEMOG\Patient\45404-1\LA\2;LID: LA45404-2;married;A;;;;;;06.01.23;LOINC;859723
\LOINC\ADMIN.PATIENT.DEMOG\Patient\45404-1\LA\3;LID: LA45404-3;widowed;A;;;;;;06.01.23;LOINC;859723
\LOINC\ADMIN.PATIENT.DEMOG\Patient\45404-1\LA\4;LID: LA45404-4;seperated;A;;;;;;06.01.23;LOINC;859723
\LOINC\ADMIN.PATIENT.DEMOG\Patient\45404-1\LA\5;LID: LA45404-5;divorced;A;;;;;;06.01.23;LOINC;859723
\LOINC\ADMIN.PATIENT.DEMOG\Patient\45404-1\LA\6;LID: LA17717-2;single;A;;;;;;06.01.23;LOINC;859723
\LOINC\ADMIN.PATIENT.DEMOG\Patient\45404-1\LA\7;LID: LA32570-6;cohabitating;A;;;;;;06.01.23;LOINC;859723
\LOINC\ATOM\BP\8462-4;LID: 8462-4;Blood pressure diastolic;N;;mmHg;;;;03.01.23;LOINC;859723
\LOINC\ATOM\BP\8480-6;LID: 8480-6;Blood pressure systolic;N;;mmHg;;;;03.01.23;LOINC;859723
\LOINC\ATOM\HRTRATE\8867-4;LID: 8867-4;Heart rate;N;;beats/min;;;;03.01.23;LOINC;859723
\LOINC\CHEM\Bld\ 6298-4;LID:  6298-4;Kalium in Blood;N;;mmol/l;;;;03.01.23;LOINC;859723
\LOINC\CHEM\Bld\14646-4;LID: 14646-4;HDL-Cholesterin (Moles/Volume) in Serum or Plasma;N;;mmol/l;;;;03.01.23;LOINC;859723
\LOINC\CHEM\Bld\14685-2;LID: 14685-2;Cobalamin (Vitamin B12) (Moles/volume) in serum or plasma;N;;pmol/l;;;;03.01.23;LOINC;859723
\LOINC\CHEM\Bld\14879-1;LID: 14879-1;Phosphat (Mol/volume) in Serum or Plasma;N;;mmol/l;;;;03.01.23;LOINC;859723
\LOINC\CHEM\Bld\14927-8;LID: 14927-8;Triglyceride (Moles/Volume) in Blood;N;;mmol/l;;;;03.01.23;LOINC;859723
\LOINC\CHEM\Bld\20570-8;LID: 20570-8;Hematocrit (Volume Fraction) of Blood;N;;%;;;;03.01.23;LOINC;859723
\LOINC\CHEM\Bld\22664-7;LID: 22664-7;Urea (Moles/volume) in Serum or Plasma;N;;mmol/l;;;;03.01.23;LOINC;859723
\LOINC\CHEM\Bld\22748-8;LID: 22748-8;LDL-Cholesterin (Moles/Volume) in Serum or Plasma;N;;mmol/l;;;;03.01.23;LOINC;859723
\LOINC\CHEM\Bld\2593-2;LID: 2593-2;Magnesium( Mole/volume) in Blood;N;;mmol/l;;;;03.01.23;LOINC;859723
\LOINC\CHEM\Bld\26453-1;LID: 26453-1;Erythrocytes (#/Volume) in Blood;N;;Tpt/l;;;;03.01.23;LOINC;859723
\LOINC\CHEM\Bld\26464-8;LID: 26464-8;Leukocytes (#/Volume) in Blood;N;;Gpt/l;;;;03.01.23;LOINC;859723
\LOINC\CHEM\Bld\26515-7;LID: 26515-7;Platelets (#/volume) in Blood;N;;Gpt/l;;;;03.01.23;LOINC;859723
\LOINC\CHEM\Bld\2947-0;LID: 2085-9;HDL-Cholesterin;N;;;;;;06.01.23;LOINC;859723
\LOINC\CHEM\Bld\2947-0;LID: 2947-0;Natrium (mole/volume) in Blood;N;;mmol/l;;;;03.01.23;LOINC;859723
\LOINC\CHEM\Bld\3173-2;LID: 3173-2;aPTT in Blood by C.A;N;;s;;;;03.01.23;LOINC;859723
\LOINC\CHEM\Bld\34714-6;LID: 34714-6;INR in Blood by Coagulation assay;N;;;;;;03.01.23;LOINC;859723
\LOINC\CHEM\Bld\38483-4;LID: 38483-4;kreatinin (Mass/Voloume) in Blood;N;;umol/l;;;;03.01.23;LOINC;859723
\LOINC\CHEM\Bld\6298-4;LID: 6298-4;Kalium;N;;mmol/l;;;;16.01.23;LOINC;859723
\LOINC\CHEM\Bld\718-7;LID: 718-7;Hemoglobin (Mass/Volume) in Blood;N;;mmol/l;;;;03.01.23;LOINC;859723
\LOINC\CHEM\Bld\74246-8;LID: 74246-8;Haemoglobin A1c/haemoglobin.total in Blood durch IFCC-protokoll;N;;%;;;;03.01.23;LOINC;859723
\LOINC\CHEM\Bld\76485-2;LID: 76485-2;C-reaktives Protein Moles/Volume in serum or Plasma: 76485-2;N;;mg/l;;;;03.01.23;LOINC;859723
\LOINC\CHEM\CSF\30160-6;LID: 30160-6;Tau-Protein (Mass/Volume) in Cerebral spinal fluid;N;;pg/ml;;;;03.01.23;LOINC;859723
\LOINC\CHEM\CSF\33203-1;LID: 33203-1;Amyloid beta 42 peptide (Mass/Volume) in cerebral spinal fluid;N;;pg/ml;;;;03.01.23;LOINC;859723
\LOINC\CHEM\CSF\72260-3;LID: 72260-3;Phosphorylated tau 181 (Mass/Volume) in cerebral spinal fluid by Immunoassay;N;;pg/ml;;;;03.01.23;LOINC;859723
\LOINC\CHEM\LP40001-7;LID: LP40001-7;TPO-AK (Thyreoperoxidase-Antikoerper);N;;U/ml;;;;16.01.23;LOINC;859723
\LOINC\CLINICAL\PANEL\UPDRS\77717-7;LID: 77717-7;UPDRS - Unified Parkinson's Disease Rating Scale;F;;;;;;26.01.23;LOINC;859723
\LOINC\CLINICAL\PANEL\UPDRS\77717-7\77720-1;LID: 77720-1;UPDRS III - Motor;N;;POINTS;;;;26.01.23;LOINC;859723
\LOINC\HX\11331-6;LID: 11331-6;History of Alcohol use;S;;;;;;03.01.23;LOINC;859723
\LOINC\HX\72166-2;LID: 72166-2;Tabacco Smoking status;S;;;;;;03.01.23;LOINC;859723
\LOINC\HX\72166-2\LA\15920-4\LA15920-4;LID: LA15920-4;former smoker;A;;;;;;03.01.23;LOINC;859723
\LOINC\HX\72166-2\LA\18976-3\LA18976-3;LID: LA18976-3;current every day smoker;A;;;;;;03.01.23;LOINC;859723
\LOINC\HX\72166-2\LA\18977-1\LA18977-1;LID: LA18977-1;current some day smoker;A;;;;;;03.01.23;LOINC;859723
\LOINC\HX\72166-2\LA\18978-9\LA18978-9;LID: LA18978-9;never smoker;A;;;;;;03.01.23;LOINC;859723
\LOINC\HX\72166-2\LA\18979-7\LA18979-7;LID: LA18979-7;smoker, current status unkown;A;;;;;;03.01.23;LOINC;859723
\LOINC\HX\72166-2\LA\18980-5\LA18980-5;LID: LA18980-5;Unkwon if ever smoked;A;;;;;;03.01.23;LOINC;859723
\LOINC\HX\99222-2;LID: 99222-2;Employed;F;;;;;;24.01.23;LOINC;859723
\LOINC\HX\99222-2T;LID: 99222-2T;Employment;T;;;;;;24.01.23;LOINC;859723
\LOINC\HX\LL6006-2;LID: LL6006-2;Employment Situations;S;;;;;;24.01.23;LOINC;859723
\LOINC\HX\LL6006-2\LA\1;LID: LA17991-3;retired;A;;;;;;24.01.23;LOINC;859723
\LOINC\HX\LL6006-2\LA\2;LID: LA32460-0;permanently unable to work;A;;;;;;24.01.23;LOINC;859723
\LOINC\HX\LL6006-2\LA\3;LID: LA46-8*;other;A;;;;;;24.01.23;LOINC;859723
\LOINC\MEDS\18607-2;LID: 18607-2;Current medication Dose;N;;variabel;;;;03.01.23;LOINC;859723
\LOINC\MEDS\52418-1;LID: 52418-1;Current medication, Name;T;;;;;;03.01.23;LOINC;859723
\LOINC\PANEL.SURVEY.NEURO\NIHSS\70182-1\70184-7;LID: 70184-7 ;Level of consciousness [NIH Stroke Scale];S;;;;;;01.03.23;LOINC;859723
\LOINC\PANEL.SURVEY.NEURO\NIHSS\70182-1\70184-7\LA\1;LID: LA18436-8;0_wach;A;;;;;;01.03.23;LOINC;859723
\LOINC\PANEL.SURVEY.NEURO\NIHSS\70182-1\70184-7\LA\2;LID: LA18437-6;1_somnolent;A;;;;;;01.03.23;LOINC;859723
\LOINC\PANEL.SURVEY.NEURO\NIHSS\70182-1\70184-7\LA\3;LID: LA18438-4;2_sopor;A;;;;;;01.03.23;LOINC;859723
\LOINC\PANEL.SURVEY.NEURO\NIHSS\70182-1\70184-7\LA\4;LID: LA18439-2;3_koma;A;;;;;;01.03.23;LOINC;859723
\LOINC\PANEL.SURVEY.NEURO\NIHSS\70182-1\70184-7\LA\5;CUSTOM: 70184-7 K.A.;k.A.;A;;;;;;01.03.23;CUSTOM;859723
\LOINC\PANEL.SURVEY.NEURO\NIHSS\70182-1\70185-4;LID: 70185-4;LOC questions [NIH Stroke Scale];S;;;;;;01.03.23;LOINC;859723
\LOINC\PANEL.SURVEY.NEURO\NIHSS\70182-1\70185-4\LA\1;LID: LA18440-0;0;A;;;Answers both questions correctly;;;01.03.23;LOINC;859723
\LOINC\PANEL.SURVEY.NEURO\NIHSS\70182-1\70185-4\LA\2;LID: LA18441-8;1;A;;;Answers one question correctly;;;01.03.23;LOINC;859723
\LOINC\PANEL.SURVEY.NEURO\NIHSS\70182-1\70185-4\LA\3;LID: LA18442-6;2;A;;;Answers neither question correctly;;;01.03.23;LOINC;859723
\LOINC\PANEL.SURVEY.NEURO\NIHSS\70182-1\70186-2;LID: 70186-2;LOC commands [NIH Stroke Scale];S;;;;;;01.03.23;LOINC;859723
\LOINC\PANEL.SURVEY.NEURO\NIHSS\70182-1\70186-2\LA\1;LID: LA18443-4;0;A;;;Performs both tasks correctly;;;01.03.23;LOINC;859723
\LOINC\PANEL.SURVEY.NEURO\NIHSS\70182-1\70186-2\LA\2;LID: LA18444-2;1;A;;;Performs one task correctly;;;01.03.23;LOINC;859723
\LOINC\PANEL.SURVEY.NEURO\NIHSS\70182-1\70186-2\LA\3;LID: LA18445-9;2;A;;;Performs neither task correctly;;;01.03.23;LOINC;859723
\LOINC\PANEL.SURVEY.NEURO\NIHSS\70182-1\70187-0;LID: 70187-0;Best gaze [NIH Stroke Scale];S;;;;;;01.03.23;LOINC;859723
\LOINC\PANEL.SURVEY.NEURO\NIHSS\70182-1\70187-0\LA\1;LID: LA6626-1_70187-0;0;A;;;Normal;;;01.03.23;LOINC;859723
\LOINC\PANEL.SURVEY.NEURO\NIHSS\70182-1\70187-0\LA\2;LID: LA18446-7;1;A;;;"Partial gaze palsy; gaze is abnormal in one or both eyes, but forced deviation or total gaze paresis is not present";;;01.03.23;LOINC;859723
\LOINC\PANEL.SURVEY.NEURO\NIHSS\70182-1\70187-0\LA\3;LID: LA18447-5;2;A;;;Forced deviation, or total gaze paresis not overcome by the oculocephalic maneuver;;;01.03.23;LOINC;859723
\LOINC\PANEL.SURVEY.NEURO\NIHSS\70182-1\70187-0\LEFT;MOD: 70187-0 LEFT;Blickbewegung links (NIHS);S;LID: 70187-0;;NIHSSBlickbewegung_Links;;;01.03.23;CUSTOM;859723
\LOINC\PANEL.SURVEY.NEURO\NIHSS\70182-1\70187-0\RIGHT;MOD: 70187-0 RIGHT;Blickbewegung rechts (NIHS);S;LID: 70187-0;;NIHSSBlickbewegung_Rechts;;;01.03.23;CUSTOM;859723
\LOINC\PANEL.SURVEY.NEURO\NIHSS\70182-1\70188-8;LID: 70188-8;Visual [NIH Stroke Scale];S;;;;;;01.03.23;LOINC;859723
\LOINC\PANEL.SURVEY.NEURO\NIHSS\70182-1\70188-8\LA\1;LID: LA18448-3;0;A;;;No visual loss;;;01.03.23;LOINC;859723
\LOINC\PANEL.SURVEY.NEURO\NIHSS\70182-1\70188-8\LA\2;LID: LA18449-1;1;A;;;Partial hemianopia;;;01.03.23;LOINC;859723
\LOINC\PANEL.SURVEY.NEURO\NIHSS\70182-1\70188-8\LA\3;LID: LA18450-9;2;A;;;Complete hemianopia;;;01.03.23;LOINC;859723
\LOINC\PANEL.SURVEY.NEURO\NIHSS\70182-1\70188-8\LA\4;LID: LA18451-7;3;A;;;Bilateral hemianopia (blind including cortical blindness);;;01.03.23;LOINC;859723
\LOINC\PANEL.SURVEY.NEURO\NIHSS\70182-1\70188-8\LEFT;MOD: 70188-8 LEFT;Gesichtsfeld links;S;LID: 70188-8;;NIHSSGesichtsfeld_Links;;;01.03.23;CUSTOM;859723
\LOINC\PANEL.SURVEY.NEURO\NIHSS\70182-1\70188-8\RIGHT;MOD: 70188-8 RIGHT;Gesichtsfeld rechts;S;LID: 70188-8;;NIHSSGesichtsfeld_Rechts;;;01.03.23;CUSTOM;859723
\LOINC\PANEL.SURVEY.NEURO\NIHSS\70182-1\70189-6;LID: 70189-6;Facial palsy [NIH Stroke Scale];S;;;;;;01.03.23;LOINC;859723
\LOINC\PANEL.SURVEY.NEURO\NIHSS\70182-1\70189-6\LA\1;LID: LA18452-5;0;A;;;Normal symmetrical movements;;;01.03.23;LOINC;859723
\LOINC\PANEL.SURVEY.NEURO\NIHSS\70182-1\70189-6\LA\2;LID: LA18453-3;1;A;;;Minor paralysis (flattened nasolabial fold, asymmetry on smiling);;;01.03.23;LOINC;859723
\LOINC\PANEL.SURVEY.NEURO\NIHSS\70182-1\70189-6\LA\3;LID: LA18454-1;2;A;;;Partial paralysis (total or near-total paralysis of lower face);;;01.03.23;LOINC;859723
\LOINC\PANEL.SURVEY.NEURO\NIHSS\70182-1\70189-6\LA\4;LID: LA18455-8;3;A;;;Complete paralysis of one or both sides (absence of facial movement in the upper and lower face);;;01.03.23;LOINC;859723
\LOINC\PANEL.SURVEY.NEURO\NIHSS\70182-1\70189-6\LEFT;MOD: 70189-6 LEFT;Motorik Gesicht links (NIHS);S;LID: 70189-6;;NIHSSMotorikGesicht_Links;;;01.03.23;CUSTOM;859723
\LOINC\PANEL.SURVEY.NEURO\NIHSS\70182-1\70189-6\RIGHT;MOD: 70189-6 RIGHT;Motorik Gesicht rechts (NIHS);S;LID: 70189-6;;NIHSSMotorikGesicht_Rechts;;;01.03.23;CUSTOM;859723
\LOINC\PANEL.SURVEY.NEURO\NIHSS\70182-1\70190-4;LID: 70190-4;Motor arm Left arm [NIH Stroke Scale];S;;;;;;01.03.23;LOINC;859723
\LOINC\PANEL.SURVEY.NEURO\NIHSS\70182-1\70190-4\LA\1;LID: LA18456-6;0;A;;;"No drift; limb holds 90 (or 45) degrees for full 10 seconds";;;01.03.23;LOINC;859723
\LOINC\PANEL.SURVEY.NEURO\NIHSS\70182-1\70190-4\LA\2;LID: LA18457-4;1;A;;;"Drift; limb holds 90 (or 45) degrees, but drifts down before full 10 seconds; does not hit bed or other support";;;01.03.23;LOINC;859723
\LOINC\PANEL.SURVEY.NEURO\NIHSS\70182-1\70190-4\LA\3;LID: LA18458-2;2;A;;;"Some effort against gravity; limb cannot get to or maintain (if cued) 90 (or 45) degrees, drifts down to bed, but has some effort against gravity";;;01.03.23;LOINC;859723
\LOINC\PANEL.SURVEY.NEURO\NIHSS\70182-1\70190-4\LA\4;LID: LA18459-0;3;A;;;"No effort against gravity; limb falls";;;01.03.23;LOINC;859723
\LOINC\PANEL.SURVEY.NEURO\NIHSS\70182-1\70190-4\LA\5;LID: LA18460-8;4;A;;;No movement;;;01.03.23;LOINC;859723
\LOINC\PANEL.SURVEY.NEURO\NIHSS\70182-1\70190-4\LA\6;LID: LA18461-6_70190-4;UN;A;;;Amputation or joint fusion;;;01.03.23;LOINC;859723
\LOINC\PANEL.SURVEY.NEURO\NIHSS\70182-1\70191-2;LID: 70191-2;Motor leg Leg - left [NIH Stroke Scale];S;;;;;;01.03.23;LOINC;859723
\LOINC\PANEL.SURVEY.NEURO\NIHSS\70182-1\70191-2\LA\1;LID: LA18462-4;0;A;;;"No drift; leg holds 30-degree position for full 5 seconds";;;01.03.23;LOINC;859723
\LOINC\PANEL.SURVEY.NEURO\NIHSS\70182-1\70191-2\LA\2;LID: LA18463-2;1;A;;;"Drift; leg falls by the end of the 5-second period but does not hit bed";;;01.03.23;LOINC;859723
\LOINC\PANEL.SURVEY.NEURO\NIHSS\70182-1\70191-2\LA\3;LID: LA18464-0;2;A;;;"Some effort against gravity; leg falls to bed by 5 seconds, but has some effort against gravity";;;01.03.23;LOINC;859723
\LOINC\PANEL.SURVEY.NEURO\NIHSS\70182-1\70191-2\LA\4;LID: LA18465-7;3;A;;;"No effort against gravity; leg falls to bed immediately";;;01.03.23;LOINC;859723
\LOINC\PANEL.SURVEY.NEURO\NIHSS\70182-1\70191-2\LA\5;LID: LA18460-8;4;A;;;No movement;;;01.03.23;LOINC;859723
\LOINC\PANEL.SURVEY.NEURO\NIHSS\70182-1\70191-2\LA\6;LID: LA18461-6_70191-2;UN;A;;;Amputation or joint fusion;;;01.03.23;LOINC;859723
\LOINC\PANEL.SURVEY.NEURO\NIHSS\70182-1\70192-0;LID: 70192-0;Limb ataxia [NIH Stroke Scale];S;;;;;;01.03.23;LOINC;859723
\LOINC\PANEL.SURVEY.NEURO\NIHSS\70182-1\70192-0\LA\1;LID: LA9634-2_70192-0;0;A;;;Absent;;;01.03.23;LOINC;859723
\LOINC\PANEL.SURVEY.NEURO\NIHSS\70182-1\70192-0\LA\2;LID: LA18466-5;1;A;;;Present in one limb;;;01.03.23;LOINC;859723
\LOINC\PANEL.SURVEY.NEURO\NIHSS\70182-1\70192-0\LA\3;LID: LA18467-3;2;A;;;Present in two limbs;;;01.03.23;LOINC;859723
\LOINC\PANEL.SURVEY.NEURO\NIHSS\70182-1\70192-0\LA\4;LID: LA18461-6_70191-0;UN;A;;;Amputation or joint fusion,;;;01.03.23;LOINC;859723
\LOINC\PANEL.SURVEY.NEURO\NIHSS\70182-1\70192-0\LEFTARM;MOD: 70192-0 RIGHTLEG;rechtes Bein - Ataxie (NIHS);S;LID: 70192-0;;NIHSSAtaxieBein_rechts;;;01.03.23;LOINC;859723
\LOINC\PANEL.SURVEY.NEURO\NIHSS\70182-1\70192-0\LEFTARM;MOD: 70192-0 LEFTLEG;linkes Bein - Ataxie (NIHS);S;LID: 70192-0;;NIHSSAtaxieBein_links;;;01.03.23;CUSTOM;859723
\LOINC\PANEL.SURVEY.NEURO\NIHSS\70182-1\70192-0\LEFTARM;MOD: 70192-0 RIGHTARM;rechter Arm - Ataxie (NIHS);S;LID: 70192-0;;NIHSSAtaxieArm_rechts;;;01.03.23;CUSTOM;859723
\LOINC\PANEL.SURVEY.NEURO\NIHSS\70182-1\70192-0\LEFTARM;MOD: 70192-0 LEFTARM;linker Arm - Ataxie (NIHS);S;LID: 70192-0;;NIHSSAtaxieArm_links;;;01.03.23;CUSTOM;859723
\LOINC\PANEL.SURVEY.NEURO\NIHSS\70182-1\70193-8;LID: 70193-8;Sensory [NIH Stroke Scale];S;;;;;;01.03.23;LOINC;859723
\LOINC\PANEL.SURVEY.NEURO\NIHSS\70182-1\70193-8\LA\1;LID: LA18468-1;0;A;;;"Normal; no sensory loss";;;01.03.23;LOINC;859723
\LOINC\PANEL.SURVEY.NEURO\NIHSS\70182-1\70193-8\LA\2;LID: LA18469-9;1;A;;;"Mild-to-moderate sensory loss; patient feels pinprick is less sharp or is dull on the affected side; or there is a loss of superficial pain with pinprick, but patient is aware of being touched";;;01.03.23;LOINC;859723
\LOINC\PANEL.SURVEY.NEURO\NIHSS\70182-1\70193-8\LA\3;LID: LA18470-7;2;A;;;"Severe to total sensory loss; patient is not aware of being touched in the face, arm, and leg";;;01.03.23;LOINC;859723
\LOINC\PANEL.SURVEY.NEURO\NIHSS\70182-1\70193-8\LEFT;MOD: 70193-8 LEFT;Sensibilität links (NIHS);S;LID: 70193-8;;NIHSSSensibilitaet_Links;;;01.03.23;CUSTOM;859723
\LOINC\PANEL.SURVEY.NEURO\NIHSS\70182-1\70193-8\RIGHT;MOD: 70193-8 RIGHT;Sensibilität rechts (NIHS);S;LID: 70193-8;;NIHSSSensibilitaet_Rechts;;;01.03.23;CUSTOM;859723
\LOINC\PANEL.SURVEY.NEURO\NIHSS\70182-1\70194-6;LID: 70194-6;Best language [NIH Stroke Scale];S;;;;;;01.03.23;LOINC;859723
\LOINC\PANEL.SURVEY.NEURO\NIHSS\70182-1\70194-6\LA\1;LID: LA18471-5;0;A;;;"No aphasia; normal";;;01.03.23;LOINC;859723
\LOINC\PANEL.SURVEY.NEURO\NIHSS\70182-1\70194-6\LA\2;LID: LA18472-3;1;A;;;"Mild-to-moderate aphasia; some obvious loss of fluency or facility of comprehension, without significant limitation on ideas expressed or form of expression";;;01.03.23;LOINC;859723
\LOINC\PANEL.SURVEY.NEURO\NIHSS\70182-1\70194-6\LA\3;LID: LA18473-1;2;A;;;"Severe aphasia; all communication is through fragmentary expression; great need for inference, questioning, and guessing by the listener";;;01.03.23;LOINC;859723
\LOINC\PANEL.SURVEY.NEURO\NIHSS\70182-1\70194-6\LA\4;LID: LA18474-9;3;A;;;"Mute, global aphasia; no usable speech or auditory comprehension";;;01.03.23;LOINC;859723
\LOINC\PANEL.SURVEY.NEURO\NIHSS\70182-1\70195-3;LID: 70195-3;Dysarthria [NIH Stroke Scale];S;;;;;;01.03.23;LOINC;859723
\LOINC\PANEL.SURVEY.NEURO\NIHSS\70182-1\70195-3\LA\1;LID: LA6626-1_70195-3;0;A;;;Normal;;;01.03.23;LOINC;859723
\LOINC\PANEL.SURVEY.NEURO\NIHSS\70182-1\70195-3\LA\2;LID: LA18475-6;1;A;;;"Mild-to-moderate dysarthria; patient slurs at least some words and, at worst, can be understood with some difficulty";;;01.03.23;LOINC;859723
\LOINC\PANEL.SURVEY.NEURO\NIHSS\70182-1\70195-3\LA\3;LID: LA18476-4;2;A;;;"Severe dysarthria; patient's speech is so slurred as to be unintelligible in the absence of or out of proportion to any dysphasia, or is mute/anarthric";;;01.03.23;LOINC;859723
\LOINC\PANEL.SURVEY.NEURO\NIHSS\70182-1\70195-3\LA\4;LID: LA18477-2;UN;A;;;Intubated or other physical barrier;;;01.03.23;LOINC;859723
\LOINC\PANEL.SURVEY.NEURO\NIHSS\70182-1\70196-1;LID: 70196-1;Extinction and inattention [NIH Stroke Scale];S;;;;;;01.03.23;LOINC;859723
\LOINC\PANEL.SURVEY.NEURO\NIHSS\70182-1\70196-1\LA\1;LID: LA18478-0;0;A;;;No abnormality;;;01.03.23;LOINC;859723
\LOINC\PANEL.SURVEY.NEURO\NIHSS\70182-1\70196-1\LA\2;LID: LA18479-8;1;A;;;Visual, tactile, auditory, spatial, or personal inattention or extinction to bilateral simultaneous stimulation in one of the sensory modalities;;;01.03.23;LOINC;859723
\LOINC\PANEL.SURVEY.NEURO\NIHSS\70182-1\70196-1\LA\3;LID: LA18480-6;2;A;;;"Profound hemi-inattention or extinction to more than one modality; does not recognize own hand or orients to only one side of space";;;01.03.23;LOINC;859723
\LOINC\PANEL.SURVEY.NEURO\NIHSS\70182-1\70196-1\LEFT;MOD: 70196-1 LEFT;Neglekt links (NIHS);S;LID: 70196-1;;NIHSSAusloeschung_Links;;;01.03.23;CUSTOM;859723
\LOINC\PANEL.SURVEY.NEURO\NIHSS\70182-1\70196-1\RIGHT;MOD: 70196-1 RIGHT;Neglekt rechts (NIHS);S;LID: 70196-1;;NIHSSAusloeschung_Rechts;;;01.03.23;CUSTOM;859723
\LOINC\PANEL.SURVEY.NEURO\NIHSS\70182-1\70967-5;LID: 70967-5;Motor arm Right arm [NIH Stroke Scale];S;LID: 70190-4;;;;;01.03.23;LOINC;859723
\LOINC\PANEL.SURVEY.NEURO\NIHSS\70182-1\70968-3;LID: 70968-3;Motor leg Leg - right [NIH Stroke Scale];S;LID: 70191-2;;;;;01.03.23;LOINC;859723
\LOINC\PANEL.SURVEY.NEURO\NIHSS\70182-1\72089-6;LID: 72089-6;Total score [NIH Stroke Scale];N;;;;;;01.03.23;LOINC;859723
\LOINC\PANEL.SURVEY.NEURO\NIHSS\70182-1\72089-6\24H;MOD: 72089-6 24HOURS;Total score [NIH Stroke Scale] nach 24h;N;LID: 72089-6;;;;;01.03.23;CUSTOM;859723
\LOINC\PANEL.SURVEY.NEURO\NIHSS\70182-1\72089-6\48H;MOD: 72089-6 48HOURS;Total score [NIH Stroke Scale] nach 48h;N;LID: 72089-6;;;;;01.03.23;CUSTOM;859723
\LOINC\PANEL.SURVEY.NEURO\NIHSS\70182-1\72089-6\6H;MOD: 72089-6 6HOURS;Total score [NIH Stroke Scale] nach 6h;N;LID: 72089-6;;;;;01.03.23;LOINC;859723
\LOINC\PANEL.SURVEY.NEURO\NIHSS\70182-1\72089-6\72H;MOD: 72089-6 72HOURS;Total score [NIH Stroke Scale] nach 72h;N;LID: 72089-6;;;;;01.03.23;CUSTOM;859723
\LOINC\PANEL.SURVEY.NEURO\NIHSS\70182-1\72089-6\90D;MOD: 72089-6 90DAYS;Total score [NIH Stroke Scale] nach 90 Tagen;N;LID: 72089-6;;;;;01.03.23;CUSTOM;859723
\LOINC\PANEL.SURVEY.NEURO\NIHSS\70182-1\72089-6\HOSPITAL_RELEASE;MOD: 72089-6 HOSPITAL_RELEASE;Total score [NIH Stroke Scale] bei Entlassung;N;LID: 72089-6;;;;;01.03.23;CUSTOM;859723
\LOINC\PHENX\Patient\63900-5;LID: 63900-5;Age;N;;years;{'range':[0,200]};;;06.01.23;LOINC;859723
\LOINC\REHAB\18630-4;LID: 18630-4;Primary Diagnosis;T;;;;;;03.01.23;LOINC;859723
\LOINC\SURVEY\72107-6;LID: 72107-6;MMSE;N;;POINTS;;;;03.01.23;LOINC;859723
\LOINC\SURVEY\72107-6\72106-8;LID: 72106-8;MMSE Total Score;N;;POINTS;;;;03.01.23;LOINC;859723
\LOINC\SURVEY\72133-2;LID: 72133-2;MOCA;F;;;;;;03.01.23;LOINC;859723
\LOINC\SURVEY\72133-2\72172-0;LID: 72172-0;MOCA Total Score;N;;POINTS;;;;03.01.23;LOINC;859723
\SNOMED-CD\254291000\273249006\273882000;SCTID: 273882000;TMT - Trail making test;N;;POINTS;;;;18.01.23;SNOMED-CT;859723
\SNOMED-CD\254291000\273249006\273882000\TMTA\C\NP\TMT\A\C;CUSTOM: NP\TMT\A\C;TMT-A C-Wert;N;;POINTS;;;;18.01.23;CUSTOM;859723
\SNOMED-CD\254291000\273249006\273882000\TMTA\RAW\NP\TMT\A\RAW;CUSTOM: NP\TMT\A\RAW;TMT-A Rohwert;N;;POINTS;;;;18.01.23;CUSTOM;859723
\SNOMED-CD\254291000\273249006\273882000\TMTB\C\NP\TMT\B\C;CUSTOM: NP\TMT\B\C;TMT-B C-Wert;N;;POINTS;;;;18.01.23;CUSTOM;859723
\SNOMED-CD\254291000\273249006\273882000\TMTB\RAW\NP\TMT\B\RAW;CUSTOM: NP\TMT\B\RAW;TMT-B Rohwert;N;;POINTS;;;;18.01.23;CUSTOM;859723
\SNOMED-CD\254291000\273249006\273882000\TMTVR\A\NP\TMT\VR\A;CUSTOM: NP\TMT\VR\A;TMT-A VR Version;N;;Seconds;;;;18.01.23;CUSTOM;859723
\SNOMED-CD\254291000\273249006\273882000\TMTVR\B\NP\TMT\VR\B;CUSTOM: NP\TMT\VR\B;TMT-B VR Version;N;;Seconds;;;;18.01.23;CUSTOM;859723
\SNOMED-CD\254291000\273249006\273882000\TMTVR\NP\TMT\VR;CUSTOM: NP\TMT\VR;TMT - VR Version;N;;Seconds;;;;18.01.23;CUSTOM;859723
\SNOMED-CD\254291000\273249006\304776005;SCTID: 304776005;Farbe-Wort-Interferenz-Test (Stroop neuropsychological screening test);N;;POINTS;;;;18.01.23;SNOMED-CT;859723
\SNOMED-CD\254291000\273249006\304776005\1\NP\STROOP\1;CUSTOM: NP\STROOP\1;Stroop - Part 1;N;;POINTS;;;;18.01.23;CUSTOM;859723
\SNOMED-CD\254291000\273249006\304776005\2\NP\STROOP\2;CUSTOM: NP\STROOP\2;Stroop - Part 2;N;;POINTS;;;;18.01.23;CUSTOM;859723
\SNOMED-CD\254291000\273249006\304776005\3\NP\STROOP\3;CUSTOM: NP\STROOP\3;Stroop - Part 3;N;;POINTS;;;;18.01.23;CUSTOM;859723
\SNOMED-CD\254291000\273249006\307792009\311521009;SCTID: 311521009;ROCFT (Rey-Osterrieth Complex Figure Test);N;;POINTS;;;;18.01.23;SNOMED-CT;859723
\SNOMED-CD\254291000\273249006\307792009\311521009\CFG\NP\ROCFT\CFT;CUSTOM: NP\ROCFT\CFT;ROCFT CFT;N;;POINTS;;;;18.01.23;CUSTOM;859723
\SNOMED-CD\254291000\273249006\307792009\311521009\CFM\NP\ROCFT\CFM;CUSTOM: NP\ROCFT\CFM;ROCFT CFM;N;;POINTS;;;;18.01.23;CUSTOM;859723
\SNOMED-CD\254291000\273249006\307792009\311521009\CQM\NP\ROCFT\CQM;CUSTOM: NP\ROCFT\CQM;ROCFT CQM;N;;POINTS;;;;18.01.23;CUSTOM;859723
\SNOMED-CD\254291000\273249006\311478003;SCTID: 311478003;VLMT - Verbaler Lern- und Merkfaehigkeitstest;N;;POINTS;;;;18.01.23;SNOMED-CT;859723
\SNOMED-CD\254291000\273249006\311478003\DG1\NP\VLMT\DG1;CUSTOM: NP\VLMT\DG1;VLMT - Dg1;N;;POINTS;;;;18.01.23;CUSTOM;859723
\SNOMED-CD\254291000\273249006\311478003\DG5_7\NP\VLMT\DG5_7;CUSTOM: NP\VLMT\DG5_7;VLMT - Dg5-7;N;;POINTS;;;;18.01.23;CUSTOM;859723
\SNOMED-CD\254291000\273249006\311478003\DG5\NP\VLMT\DG5;CUSTOM: NP\VLMT\DG5;VLMT - Dg5;N;;POINTS;;;;18.01.23;CUSTOM;859723
\SNOMED-CD\254291000\273249006\311478003\W_F\NP\VLMT\W_F;CUSTOM: NP\VLMT\W_F;VLMT - W-F;N;;POINTS;;;;18.01.23;CUSTOM;859723
\SNOMED-CD\363787002\363788007\363870007\720433000;SCTID: 720433000;PHQ-9 (Patient Health Questionnaire Nine Item score);N;;POINTS;;;;18.01.23;SNOMED-CT;859723
\SNOMED-CD\363787002\363788007\364392006\251832002\251898000;SCTID: 251898000;VO2max (Maximum oxygen uptake);N;;POINTS;;;;18.01.23;SNOMED-CT;859723
\SNOMED-CD\363787002\363788007\416342005\716757008;SCTID: 716757008;Referring organization;T;;;;;;01.02.23;SNOMED-CT;859723
\SNOMED-CT\105523009;SCTID: 105523009;Gambling (finding);F;;;;;;24.01.23;SNOMED-CT;859723
\SNOMED-CT\105529008;SCTID: 105529008;Lives alone (finding);F;;;;;;03.01.23;SNOMED-CT;859723
\SNOMED-CT\105721009\102478008;SCTID: 102478008;Pre-existing conditions;T;;;;;;03.01.23;SNOMED-CT;859723
\SNOMED-CT\138875005\243796009\413350009\417662000\312850006\161464003;SCTID: 161464003;History of psychiatric disorder;F;;;;;;24.01.23;SNOMED-CT;859723
\SNOMED-CT\138875005\243796009\413350009\417662000\312850006\161464003\429124005\161469008;SCTID: 161469008;History of Depression;F;;;;;;24.01.23;SNOMED-CT;859723
\SNOMED-CT\138875005\243796009\413350009\417662000\312850006\180301000119102;SCTID: 180301000119102;History of disorder of vision;F;;;;;;24.01.23;SNOMED-CT;859723
\SNOMED-CT\138875005\254291000\273249006;SCTID: 273249006;Assessment scales;T;;;;;;24.01.23;SNOMED-CT;859723
\SNOMED-CT\138875005\254291000\273249006\1153637007;SCTID: 1153637007;Body height;N;;cm;;;;24.01.23;SNOMED-CT;859723
\SNOMED-CT\138875005\254291000\273249006\450741005;SCTID: 450741005;NIHSS - National Institutes of Health stroke scale (assessment scale);F;;;;;;23.01.23;SNOMED-CT;859723
\SNOMED-CT\138875005\254291000\273249006\708735004;SCTID: 708735004;Epworth Sleepiness Scale (assessment scale);F;;;;;;26.01.23;SNOMED-CT;859723
\SNOMED-CT\138875005\273249006\699200007;SCTID: 699200007;PSQI - Pittsburgh sleep quality index;N;;POINTS;;;;06.01.23;SNOMED-CT;859723
\SNOMED-CT\138875005\362981000\106229004\47965005;SCTID: 47965005;Differential diagnosis;T;;;;;;03.01.23;SNOMED-CT;859723
\SNOMED-CT\138875005\362981000\106229004\89100005;SCTID: 89100005;Final diagnosis;T;;;;;;01.03.23;SNOMED-CT;859723
\SNOMED-CT\138875005\362981000\272099008\106232001\106234000;SCTID: 106234000;Adjectival modifier (qualifier value);S;;;;;;06.01.23;SNOMED-CT;859723
\SNOMED-CT\138875005\362981000\272099008\106232001\106234000\29179001;SCTID: 29179001;Closed;A;;;;;;06.01.23;SNOMED-CT;859723
\SNOMED-CT\138875005\362981000\272099008\106232001\106234000\55561003;SCTID: 55561003;Active;A;;;;;;06.01.23;SNOMED-CT;859723
\SNOMED-CT\138875005\362981000\272099008\106232001\106234000\73425007;SCTID: 73425007;Inactive;A;;;;;;06.01.23;SNOMED-CT;859723
\SNOMED-CT\138875005\362981000\272099008\106232001\106234000\73504009;SCTID: 73504009;Classified;A;;;;;;06.01.23;SNOMED-CT;859723
\SNOMED-CT\138875005\362981000\272099008\272103003\272104009\272105005\277267003;SCTID: 277267003;Calendar year;N;;;;;;01.03.23;CUSTOM;859723
\SNOMED-CT\138875005\363787002\106126000;SCTID: 106126000;Emotional state finding (finding);T;;;;;;03.01.23;SNOMED-CT;859723
\SNOMED-CT\138875005\363787002\160476009\160553008;SCTID: 160553008;Degree of religious observance;N;;of 10;;;;03.01.23;SNOMED-CT;859723
\SNOMED-CT\138875005\363787002\160476009\184099003;SCTID: 184099003;Date of birth;D;;;;;;06.01.23;SNOMED-CT;859723
\SNOMED-CT\138875005\363787002\160476009\302147001\184102003;SCTID: 184102003;Patient postal code;N;;;;;;01.03.23;SNOMED-CT;859723
\SNOMED-CT\138875005\363787002\363788007\363789004\248326004\363804004\27113001;SCTID: 27113001;Weight (body weight);N;;kg;;;;06.01.23;SNOMED-CT;859723
\SNOMED-CT\138875005\363787002\363788007\363789004\248326004\60621009;SCTID: 60621009;BMI (body mass index);N;;kg/m2;;;;06.01.23;SNOMED-CT;859723
\SNOMED-CT\138875005\363787002\363788007\363820009\450743008;SCTID: 450743008;NIHSS - Score;N;;POINTS;;;;23.01.23;SNOMED-CT;859723
\SNOMED-CT\138875005\363787002\363788007\363870007\363871006\248217000\363817001\763254009;SCTID: 763254009;Epworth Sleepiness Scale score;N;;POINTS;;;;26.01.23;SNOMED-CT;859723
\SNOMED-CT\138875005\363787002\363788007\363870007\363871006\248217000\363817001\763254009;SCTID: 716138005;Hoehn and Yahr Scale score;N;;POINTS;;;;26.01.23;SNOMED-CT;859723
\SNOMED-CT\138875005\363787002\363788007\363870007\363871006\363817001\248254009;SCTID: 248254009;Quality of Sleep / Schlafqualitt;T;;;;;;03.01.23;SNOMED-CT;859723
\SNOMED-CT\138875005\363787002\363788007\363870007\363896009\228272008\1187057000\363905002\443315005;SCTID: 443315005;Number of alcohol units consumed on typical drinking day (observable entity);T;;UNITs/day;;;;03.01.23;SNOMED-CT;859723
\SNOMED-CT\138875005\363787002\363788007\364066008\364072008\364075005;SCTID: 364075005;Heart rate;N;;bpm;;;;06.01.23;SNOMED-CT;859723
\SNOMED-CT\138875005\363787002\363788007\416342005\716757008;SCTID: 716757008;Referring organization;T;;;;;;01.03.23;SNOMED-CD;859723
\SNOMED-CT\138875005\363787002\363788007\416342005\716757008\PLZ;MOD: 716757008 PLZ;PLZ Einweisendes Krankenhaus;T;;;;;;01.03.23;CUSTOM;859723
\SNOMED-CT\138875005\363787002\363819003\513881000000106;SCTID: 513881000000106;Current medication as reported by patient;T;;;;;;03.01.23;SNOMED-CT;859723
\SNOMED-CT\138875005\363787002\364713004\281378008;SCTID: 281378008;Times relative to admission;T;;;;;;01.03.23;SNOMED-CT;859723
\SNOMED-CT\138875005\363787002\364713004\399423000;SCTID: 399423000;Date of admission;D;;;;;;01.03.23;SNOMED-CT;859723
\SNOMED-CT\138875005\363787002\415178003\257733005\48761009\68130003\14468000;SCTID: 14468000;Sports activity;T;;;;;;03.01.23;SNOMED-CT;859723
\SNOMED-CT\138875005\363787002\782487009\1255866005;SCTID: 1255866005;mRS - Modified Rankin Scale score;N;;POINTS;;;;26.01.23;SNOMED-CT;859723
\SNOMED-CT\138875005\363787002\782487009\1255866005\90D;MOD: 1255866005 90D;mRS_90d;N;SCTID: 1255866005;POINTS;;;;26.01.23;SNOMED-CT;859723
\SNOMED-CT\138875005\363787002\782487009\1255866005\HOSPITAL_RELEASE;MOD: 1255866005 HOSPITAL_RELEASE;mRS_Entlassung;N;SCTID: 1255866005;POINTS;;;;26.01.23;SNOMED-CT;859723
\SNOMED-CT\138875005\363787002\782487009\1255866005\PREMORBID;MOD: 1255866005 PREMORBID;mRS_praemorbid;N;SCTID: 1255866005;POINTS;;;;26.01.23;SNOMED-CT;859723
\SNOMED-CT\138875005\404684003\118222006\298343000\298346008;SCTID: 298346008;Finding of frequency of falls / Strze;T;;;;;;03.01.23;SNOMED-CT;859723
\SNOMED-CT\138875005\404684003\118254002\406122000\298364001\246915008\301984002\225582009;SCTID: 225582009;Wears glasses (finding);F;;;;;;24.01.23;SNOMED-CT;859723
\SNOMED-CT\138875005\404684003\418799008;SCTID: 418799008;Finding reported by subject or history provider;T;;;;;;03.01.23;SNOMED-CT;859723
\SNOMED-CT\138875005\404684003\64572001\75934005\126877002\126877002\73211009\344054006;SCTID: 44054006;Diabetes mellitus 2;F;;;;;;06.01.23;SNOMED-CT;859723
\SNOMED-CT\138875005\71388002\128927009\386053000\445536008\717268000;SCTID: 717268000;BDI II - Beck Depression Inventory II;N;;POINTS;;;;06.01.23;SNOMED-CT;859723
\SNOMED-CT\138875005\71388002\128927009\386053000\445536008\770636004;SCTID: 770636004;SF-36 Assessment using Medical Outcomes Study 36-item Short Form Health Survey;F;;;;;;03.01.23;SNOMED-CT;859723
\SNOMED-CT\138875005\71388002\128927009\386053000\445536008\770636004\LA\1;SCTID: 770636004/pf;SF-36 Subscore: Physical functioning;F;;;;;;03.01.23;SNOMED-CT;859723
\SNOMED-CT\138875005\71388002\128927009\386053000\445536008\770636004\LA\2;SCTID: 770636004/lh;SF-36 Subscore: limitations/health;F;;;;;;03.01.23;SNOMED-CT;859723
\SNOMED-CT\138875005\71388002\128927009\386053000\445536008\770636004\LA\3;SCTID: 770636004/le;SF-36 Subscore: limitations/emotional problems;F;;;;;;03.01.23;SNOMED-CT;859723
\SNOMED-CT\138875005\71388002\128927009\386053000\445536008\770636004\LA\4;SCTID: 770636004/ef;SF-36 Subscore: energy/fatigue;F;;;;;;03.01.23;SNOMED-CT;859723
\SNOMED-CT\138875005\71388002\128927009\386053000\445536008\770636004\LA\5;SCTID: 770636004/ewb;SF-36 Subscore: Emotional well-beeing;F;;;;;;03.01.23;SNOMED-CT;859723
\SNOMED-CT\138875005\71388002\128927009\386053000\445536008\770636004\LA\6;SCTID: 770636004/sf;SF-36 Subscore: social functioning;F;;;;;;03.01.23;SNOMED-CT;859723
\SNOMED-CT\138875005\71388002\128927009\386053000\445536008\770636004\LA\7;SCTID: 770636004/pain;SF-36 Subscore: Pain;F;;;;;;03.01.23;SNOMED-CT;859723
\SNOMED-CT\138875005\71388002\128927009\386053000\445536008\770636004\LA\8;SCTID: 770636004/gh;SF-36 Subscore: General health;F;;;;;;03.01.23;SNOMED-CT;859723
\SNOMED-CT\138875005\71388002\128927009\386053000\445536008\770636004\LA\9;SCTID: 770636004/hc;SF-36 Subscore: Health change;F;;;;;;03.01.23;SNOMED-CT;859723
\SNOMED-CT\138875005\71388002\128927009\420227002\304541006;SCTID: 304541006;Recommendation treatment / Therapieempfehlung;T;;;;;;03.01.23;SNOMED-CT;859723
\SNOMED-CT\138875005\71388002\14734007\305056002\305335007\305349003;SCTID: 305349003;Admission to department;T;;;Aufnehmende fachl.OE;;;01.03.23;SNOMED-CD;859723
\SNOMED-CT\138875005\71388002\14734007\305056002\305335007\305349003\40274000;SCTID: 40274000;Grund der Einweisung / Clinic admission;T;;;;;;01.02.23;SNOMED-CT;859723
\SNOMED-CT\138875005\71388002\14734007\305056002\305335007\305349003\DISCHARGING;MOD: 305349003 DISCHARGING_DEPARTMENT;Discharging department;T;;;Entlassende fachl.OE;;;01.03.23;CUSTOM;859723
\SNOMED-CT\138875005\71388002\14734007\305056002\305335007\32485007;SCTID: 32485007;Hospital admission;T;;;;;;01.03.23;SNOMED-CD;859723
\SNOMED-CT\138875005\71388002\14734007\305056002\305335007\32485007\HOSPITAL_NAME;MOD: 32485007 HOSPITAL_NAME;hospital_name;T;;;hospital_name;;;01.03.23;CUSTOM;859723
\SNOMED-CT\138875005\71388002\14734007\305056002\305335007\32485007\SHIPPED_TO_PLZ;MOD: 32485007 SHIPPED_TO_PLZ;Shipped to PLZ;T;;;shipped_to_PLZ;;;01.03.23;CUSTOM;859723
\SNOMED-CT\138875005\71388002\362958002\118664000\118678004\8472800571388002\362958002\118664000\118678004\84728005;SCTID: 84728005;Neurological examination / neurologischer Untersuchungsbefund;T;;;;;;03.01.23;SNOMED-CT;859723
\SNOMED-CT\15220000;SCTID: 15220000;Laboratory test;F;;;;;;03.01.23;LOINC;859723
\SNOMED-CT\160538000;SCTID: 160538000;Religious affiliation;S;;;;;;06.01.23;SNOMED-CT;859723
\SNOMED-CT\160538000\LA\1;SCTID: 160552003;not religious;A;;;;;;06.01.23;SNOMED-CT;859723
\SNOMED-CT\160538000\LA\2;SCTID: 276116000;Christian religion;A;;;;;;06.01.23;SNOMED-CT;859723
\SNOMED-CT\160538000\LA\3;SCTID: 298020003;Protestant religion;A;;;;;;06.01.23;SNOMED-CT;859723
\SNOMED-CT\160538000\LA\4;SCTID: 33822009;Buddhism;A;;;;;;06.01.23;SNOMED-CT;859723
\SNOMED-CT\160538000\LA\5;SCTID: 312864006;unknown;A;;;;;;06.01.23;SNOMED-CT;859723
\SNOMED-CT\167699000;SCTID: 167699000;Cerebrospinal fluid examination;F;;;;;;03.01.23;SNOMED-CT;859723
\SNOMED-CT\228273003;SCTID: 228273003;Finding relating to alcohol drinking behavior (finding);S;;;;;;03.01.23;SNOMED-CT;859723
\SNOMED-CT\228273003\LA\783261004;SCTID: 783261004;never alcohol;A;;;;;;03.01.23;SNOMED-CT;859723
\SNOMED-CT\252559003;SCTID: 252559003;olfaction test;S;;;;;;03.01.23;SNOMED-CT;859723
\SNOMED-CT\252559003\LA\299900007;SCTID: 299900007;Normosmie (Sense of smell normal (finding));A;;;;;;03.01.23;SNOMED-CT;859723
\SNOMED-CT\252559003\LA\44169009;SCTID: 44169009;Anosmie ( Loss of sense of smell (finding));A;;;;;;03.01.23;SNOMED-CT;859723
\SNOMED-CT\252559003\LA\83156004;SCTID: 83156004;Hyposmie (Sense of smell impaires (finding));A;;;;;;03.01.23;SNOMED-CT;859723
\SNOMED-CT\254291000\273249006\273524006;SCTID: 273524006;HADS-D (Hospital anxiety and depression scale)(assessment scale);F;;;;;;03.01.23;SNOMED-CT;859723
\SNOMED-CT\254291000\273249006\273524006\anxiety\NP\HADSD\ANXIETY;CUSTOM: NP\HADSD\ANXIETY;HADS-D: anxiety score;N;;POINTS;;;;18.01.23;CUSTOM;859723
\SNOMED-CT\254291000\273249006\273524006\depression\NP\HADSD\DEPRESSION;CUSTOM: NP\HADSD\DEPRESSION;HADS-D: depression score;N;;POINTS;;;;18.01.23;CUSTOM;859723
\SNOMED-CT\258450006;SCTID: 258450006;Cerebrospinal fluid specimen (specimen);T;;;;;;03.01.23;SNOMED-CT;859723
\SNOMED-CT\272141005;SCTID: 272141005;Severities (qualifier value);S;;;;;;06.01.23;SNOMED-CT;859723
\SNOMED-CT\272141005\24484000;SCTID: 24484000;severe;A;;;;;;06.01.23;SNOMED-CT;859723
\SNOMED-CT\272141005\255604002;SCTID: 255604002;mild;A;;;;;;06.01.23;SNOMED-CT;859723
\SNOMED-CT\272141005\272141005;SCTID: 371924009;modertae to severe;A;;;;;;06.01.23;SNOMED-CT;859723
\SNOMED-CT\272141005\371923003;SCTID: 371923003;mild to moderate;A;;;;;;06.01.23;SNOMED-CT;859723
\SNOMED-CT\272141005\6736007;SCTID: 6736007;moderate;A;;;;;;06.01.23;SNOMED-CT;859723
\SNOMED-CT\272141005\86005002;SCTID: 86005002;advanced;A;;;;;;06.01.23;SNOMED-CT;859723
\SNOMED-CT\273302005;SCTID: 273302005;Barthel index;N;;POINTS;;;;03.01.23;SNOMED-CT;859723
\SNOMED-CT\273524006\401319005;SCTID: 401319005;Hospital Anxiety and Depression scale: anxiety score (observable entity);N;;POINTS;;;;03.01.23;SNOMED-CT;859723
\SNOMED-CT\273524006\401320004;SCTID: 401320004;Hospital Anxiety and Depression scale: depression score (observable entity);N;;POINTS;;;;03.01.23;SNOMED-CT;859723
\SNOMED-CT\2801000175104T;SCTID: 2801000175104T;Playing games on a screen  / Description;T;;;;;;03.01.23;SNOMED-CT;859723
\SNOMED-CT\302147001\397635003;SCTID: 397635003;Address;T;;;;;;06.01.23;SNOMED-CT;859723
\SNOMED-CT\302147001\703503000\371484003;SCTID: 371484003;Patient name;T;;;;;;06.01.23;SNOMED-CT;859723
\SNOMED-CT\34227000;SCTID: 34227000;CT of brain;S;;;;;;03.01.23;SNOMED-CT;859723
\SNOMED-CT\34227000\LA\407670004;SCTID: 407670004;CT of brain abnormal;A;;;;;;03.01.23;SNOMED-CT;859723
\SNOMED-CT\34227000\LA\408568004;SCTID: 408568004;CT scan brain- normal;A;;;;;;03.01.23;SNOMED-CT;859723
\SNOMED-CT\35489007;SCTID: 35489007;Depression (disorder);F;;;;;;03.01.23;SNOMED-CT;859723
\SNOMED-CT\361055000;SCTID: 361055000;Misuses drugs (finding);F;;;;;;24.01.23;SNOMED-CT;859723
\SNOMED-CT\362981000\260245000\260411009\373066001;SCTID: 373066001;Yes;A;;;;;;06.01.23;SNOMED-CT;859723
\SNOMED-CT\362981000\260245000\373066001;SCTID: 373068000;unknown;A;;;;;;06.01.23;SNOMED-CT;859723
\SNOMED-CT\362981000\260245000\373067005;SCTID: 373067005;No;A;;;;;;06.01.23;SNOMED-CT;859723
\SNOMED-CT\363787002\224285004\224288002;SCTID: 224288002;Duration of fromal education;N;;Years;;;;03.01.23;SNOMED-CT;859723
\SNOMED-CT\363787002\423901009\422549004\184107009;SCTID: 184107009;Patient hospital number;T;;;;;;06.01.23;SNOMED-CT;859723
\SNOMED-CT\363787003\278844005\263495000;SCTID: 263495000;Gender;S;;;;;;06.01.23;SNOMED-CT;859723
\SNOMED-CT\363787003\278844005\263495000\LA\1;SCTID: 248152002;Female;A;;;;;;06.01.23;SNOMED-CT;859723
\SNOMED-CT\363787003\278844005\263495000\LA\2;SCTID: 248153007;Male;A;;;;;;06.01.23;SNOMED-CT;859723
\SNOMED-CT\363787003\278844005\263495000\LA\3;SCTID: 32570691000036108;Intersex;A;;;;;;06.01.23;SNOMED-CT;859723
\SNOMED-CT\363787003\278844005\263495000\LA\4;SCTID: 407374003;Transsexual;A;;;;;;06.01.23;SNOMED-CT;859723
\SNOMED-CT\365860008;SCTID: 365860008;General clinical state finding;S;;;;;;06.01.23;SNOMED-CT;859723
\SNOMED-CT\365860008\LA\1;SCTID: 438949009;alive;A;;;;;;06.01.23;SNOMED-CT;859723
\SNOMED-CT\365860008\LA\2;SCTID: 419099009;dead;A;;;;;;06.01.23;SNOMED-CT;859723
\SNOMED-CT\365860008\LA\3;SCTID: 438949009xx;unknown;A;;;;;;06.01.23;SNOMED-CT;859723
\SNOMED-CT\38341003;SCTID: 38341003;Hypertensive disorder, systemic arterial (disorder);F;;;;;;03.01.23;SNOMED-CT;859723
\SNOMED-CT\386807006;SCTID: 386807006;Memory impairment (finding);F;;;;;;24.01.23;SNOMED-CT;859723
\SNOMED-CT\394877006;SCTID: 394877006;Family History of dementia;F;;;;;;16.01.23;SNOMED-CT;859723
\SNOMED-CT\445412006;SCTID: 445412006;ACE-III;N;;POINTS;;;;03.01.23;SNOMED-CT;859723
\SNOMED-CT\445412006\473311008;SCTID: 473311008;ACE-III language;N;;POINTS;;;;03.01.23;SNOMED-CT;859723
\SNOMED-CT\445412006\473312001;SCTID: 473312001;ACE-III Attention;N;;POINTS;;;;03.01.23;SNOMED-CT;859723
\SNOMED-CT\445412006\473313006;SCTID: 473313006;ACE-III Memory;N;;POINTS;;;;03.01.23;SNOMED-CT;859723
\SNOMED-CT\445412006\473314000;SCTID: 473314000;ACE-III visospatial;N;;POINTS;;;;03.01.23;SNOMED-CT;859723
\SNOMED-CT\445412006\473315004;SCTID: 473315004;ACE-III Exekutiv/ Fluency;N;;POINTS;;;;03.01.23;SNOMED-CT;859723
\SNOMED-CT\447634004;SCTID: 447634004;ICD-10 map category value;T;;;;;;06.01.23;SNOMED-CT;859723
\SNOMED-CT\52448006;SCTID: 52448006;Form der Demenz;T;;;;;;16.01.23;SNOMED-CT;859723
\SNOMED-CT\54550000;SCTID: 54550000;EEG;S;;;;;;03.01.23;SNOMED-CT;859723
\SNOMED-CT\54550000\LA\164717000;SCTID: 164717000;EEG normal;A;;;;;;13.01.23;SNOMED-CT;79190712
\SNOMED-CT\54550000\LA\274521009;SCTID: 274521009;EEG abnormal;A;;;;;;13.01.23;SNOMED-CT;79190712
\SNOMED-CT\56265001;SCTID: 56265001;Heart disease;F;;;;;;03.01.23;SNOMED-CT;859723
\SNOMED-CT\63718003;LID: 63718003;Folsaeure;N;;ug/l;;;;03.01.23;SNOMED-CT;859723
\SNOMED-CT\71388002\243120004\225334002;SCTID: 225334002;Interventionsgruppe / Intervention regime (regime/therapy);T;;;;;;18.01.23;SNOMED-CT;859723
\SNOMED-CT\71388002\243120004\225334002\ADHERENCE\INTERVENTION\ADHERENCE;CUSTOM: INTERVENTION\ADHERENCE;Adherenz zur Intervention;N;;PERCENT;;;;18.01.23;CUSTOM;859723
\SNOMED-CT\765172009;SCTID: 765172009;Doppler ultrasound;T;;;Ultrasound Befund;20.02.23;;03.01.23;SNOMED-CT;859723
\SNOMED-CT\767525000;SCTID: 767525000;UNIT;S;;;;;;03.01.23;SNOMED-CT;859723
\SNOMED-CT\767525000\LA\257997001;SCTID: 257997001;seconds (s) (qualifier value);A;;;;;;03.01.23;SNOMED-CT;859723
\SNOMED-CT\767525000\LA\258684004;SCTID: 258684004;mg;A;;;;;;03.01.23;SNOMED-CT;859723
\SNOMED-CT\767525000\LA\258796002;SCTID: 258796002;mg/l;A;;;;;;03.01.23;SNOMED-CT;859723
\SNOMED-CT\767525000\LA\258799009;SCTID: 258799009;ug/l;A;;;;;;03.01.23;SNOMED-CT;859723
\SNOMED-CT\767525000\LA\258808001;SCTID: 258808001;pg/ml;A;;;;;;03.01.23;SNOMED-CT;859723
\SNOMED-CT\767525000\LA\258813002;SCTID: 258813002;mmol/l;A;;;;;;03.01.23;SNOMED-CT;859723
\SNOMED-CT\767525000\LA\258814008;SCTID: 258814008;umol/l;A;;;;;;03.01.23;SNOMED-CT;859723
\SNOMED-CT\767525000\LA\258819003;SCTID: 258819003;pmol/l;A;;;;;;03.01.23;SNOMED-CT;859723
\SNOMED-CT\767525000\LA\258948008;SCTID: 258948008;U/ml;A;;;;;;03.01.23;SNOMED-CT;859723
\SNOMED-CT\767525000\LA\258983007;SCTID: 258983007;beats/min;A;;;;;;03.01.23;SNOMED-CT;859723
\SNOMED-CT\767525000\LA\259018001;SCTID: 259018001;mmHg;A;;;;;;03.01.23;SNOMED-CT;859723
\SNOMED-CT\767525000\LA\260959001;SCTID: 260959001;POINTS;A;;;;;;03.01.23;SNOMED-CT;859723
\SNOMED-CT\816077007;SCTID: 816077007;MRI of brain;S;;;;;;03.01.23;SNOMED-CT;859723
\SNOMED-CT\816077007\LA\407669000;SCTID: 407669000;MRI of brain abnormal;A;;;;;;03.01.23;SNOMED-CT;859723
\SNOMED-CT\816077007\LA\416318006;SCTID: 416318006;MRI of brain normal;A;;;;;;03.01.23;SNOMED-CT;859723
\SNOMED-CT\840318003;SCTID: 840318003;Assessment using mRS;F;;;;;;26.01.23;SNOMED-CT;859723