CONCEPT_PATH;CONCEPT_CD;NAME_CHAR;VALTYPE_CD;UNIT_CD;CONCEPT_BLOB;UPDATE_DATE;DOWNLOAD_DATE;IMPORT_DATE;SOURCESYSTEM_CD;UPLOAD_ID
\CONCEPT;GENERAL_CONCEPT;CONCEPT;S;;;;;2023-01-06;CUSTOM;859723
\CONCEPT\LA\1;LOINC;LOINC;A;;;;;2023-01-06;CUSTOM;859723
\CONCEPT\LA\2;SNOMED-CT;SNOMED-CT;A;;;;;2023-01-06;CUSTOM;859723
\CONCEPT\LA\3;ICD10-2019;ICD10-2019;A;;;;;2023-01-06;CUSTOM;859723
\CONCEPT\LA\4;CUSTOM;CUSTOM;A;;;;;2023-01-06;CUSTOM;859723
\CONCEPT\LA\U;UNKNOWN;unbekannt;A;;;;;2023-01-06;CUSTOM;859723
\CUSTOM\Anamnese\DrugIntake;CUSTOM: DRUGINTAKE;Einnahme Demenz Medikament;F;;;;;2023-01-16;SNOMED-CT;859723
\CUSTOM\ANAMNESE\EDUCATION;CUSTOM: Anamnese\Education;Bildungsgrad;S;;;;;2023-01-18;CUSTOM;859723
\CUSTOM\ANAMNESE\EDUCATION\LA\1\Anamnese\Education\LA1;CUSTOM: Anamnese\Education\LA1;8. Klasse;A;;;;;2023-01-18;CUSTOM;859723
\CUSTOM\ANAMNESE\EDUCATION\LA\2\Anamnese\Education\LA2;CUSTOM: Anamnese\Education\LA2;10. Klasse;A;;;;;2023-01-18;CUSTOM;859723
\CUSTOM\ANAMNESE\EDUCATION\LA\3\Anamnese\Education\LA3;CUSTOM: Anamnese\Education\LA3;Abitur;A;;;;;2023-01-18;CUSTOM;859723
\CUSTOM\ANAMNESE\EDUCATION\LA\4\Anamnese\Education\LA4;CUSTOM: Anamnese\Education\LA4;Fachschule;A;;;;;2023-01-18;CUSTOM;859723
\CUSTOM\ANAMNESE\EDUCATION\LA\5\Anamnese\Education\LA5;CUSTOM: Anamnese\Education\LA5;keine;A;;;;;2023-01-18;CUSTOM;859723
\CUSTOM\ANAMNESE\EDUCATION\LA\6\Anamnese\Education\LA6;CUSTOM: Anamnese\Education\LA6;unbekannt;A;;;;;2023-01-18;CUSTOM;859723
\CUSTOM\ANAMNESE\EDUCATION\LA\6\Anamnese\Education\LA7;CUSTOM: Anamnese\Education\LA7;9. Klasse;A;;;;;2023-01-18;CUSTOM;859723
\CUSTOM\ANAMNESE\EDUCATION\LA\6\Anamnese\Education\LA8;CUSTOM: Anamnese\Education\LA8;education;A;;;;;2023-01-18;CUSTOM;859723
\CUSTOM\ANAMNESE\EDUCATION\LA\6\Anamnese\Education\LA9;CUSTOM: Anamnese\Education\LA9;studium;A;;;;;2023-01-18;CUSTOM;859723
\CUSTOM\Diagnosis\Dementia;CUSTOM: DIAGNOSIS_DEMENTIA;Schweregrad der Demenz;S;;;;;2023-01-21;CUSTOM;859723
\CUSTOM\IMAGING\CT\BRAIN\Findings;CUSTOM: CT\BRAIN\FINDINGS;Befund CT Schaedel / CCT;T;;;;;2023-01-16;CUSTOM;859723
\CUSTOM\IMAGING\MRI\BRAIN\Findings;CUSTOM: MRI\BRAIN\FINDINGS;Befund MRT Schaedel / cMRT;T;;;;;2023-01-16;CUSTOM;859723
\CUSTOM\METABOLIC\VO2MAX\6MIN;CUSTOM: VO2MAX\6MIN;VO2max - 6min;N;POINTS;;;;2023-01-18;CUSTOM;859723
\CUSTOM\METABOLIC\VO2MAX\ERGOMETER;CUSTOM: VO2MAX\ERGOMETER;VO2max - Ergometer;N;POINTS;;;;2023-01-18;CUSTOM;859723
\CUSTOM\METABOLIC\VO2MAX\FB;CUSTOM: VO2MAX\FB;VO2max - FB;N;POINTS;;;;2023-01-18;CUSTOM;859723
\CUSTOM\NP\BADL;CUSTOM: NP\BADL;B-ADL / Gesamtscore;N;;;;;2023-01-16;CUSTOM;859723
\CUSTOM\NP\BFI10;CUSTOM: NP\BFI10;BFI-10 (Big Five Inventory);N;POINTS;;;;2023-01-18;CUSTOM;859723
\CUSTOM\NP\BFI10\E;CUSTOM: NP\BFI10\E;BFI-10 Extraversion;N;POINTS;;;;2023-01-18;CUSTOM;859723
\CUSTOM\NP\BFI10\G;CUSTOM: NP\BFI10\G;BFI-10 Gewissenhaftigkeit;N;POINTS;;;;2023-01-18;CUSTOM;859723
\CUSTOM\NP\BFI10\N;CUSTOM: NP\BFI10\N;BFI-10 Neurotizismus;N;POINTS;;;;2023-01-18;CUSTOM;859723
\CUSTOM\NP\BFI10\O;CUSTOM: NP\BFI10\O;BFI-10 Offenheit;N;POINTS;;;;2023-01-18;CUSTOM;859723
\CUSTOM\NP\BFI10\V;CUSTOM: NP\BFI10\V;BFI-10 Vertraeglichkeit;N;POINTS;;;;2023-01-18;CUSTOM;859723
\CUSTOM\NP\ECOG;CUSTOM: NP\ECOG;ECOG - Everyday Cognition;N;POINTS;;;;2023-01-18;CUSTOM;859723
\CUSTOM\NP\ECOG\TOTAL;CUSTOM: NP\ECOG\TOTALSCORE;ECOG - Total Score;N;POINTS;;;;2023-01-18;CUSTOM;859723
\CUSTOM\NP\IQCODE;CUSTOM: NP\IQCODE;IQCODE / Gesamtscore;N;;;;;2023-01-16;CUSTOM;859723
\CUSTOM\NP\Lachs;CUSTOM: NP\LACHS;Lachs / Gesamtscore;T;;;;;2023-01-16;CUSTOM;859723
\CUSTOM\NP\MFQ;CUSTOM: NP\MFQ;MFQ (Memory Functioning Questionnaire);N;POINTS;;;;2023-01-18;CUSTOM;859723
\CUSTOM\NP\MFQ\1;CUSTOM: NP\MFQ\1;MFQ - Subscore 1 (subjective complaint);N;POINTS;;;;2023-01-18;CUSTOM;859723
\CUSTOM\NP\MFQ\2;CUSTOM: NP\MFQ\2;MFQ - Subscore 2;N;POINTS;;;;2023-01-18;CUSTOM;859723
\CUSTOM\NP\MFQ\3;CUSTOM: NP\MFQ\3;MFQ - Subscore 3;N;POINTS;;;;2023-01-18;CUSTOM;859723
\CUSTOM\NP\MFQ\4;CUSTOM: NP\MFQ\4;MFQ - Subscore 4;N;POINTS;;;;2023-01-18;CUSTOM;859723
\CUSTOM\NP\MFQ\5;CUSTOM: NP\MFQ\5;MFQ - Subscore 5;N;POINTS;;;;2023-01-18;CUSTOM;859723
\CUSTOM\NP\MFQ\6;CUSTOM: NP\MFQ\6;MFQ - Subscore 6;N;POINTS;;;;2023-01-18;CUSTOM;859723
\CUSTOM\NP\MFQ\7;CUSTOM: NP\MFQ\7;MFQ - Subscore 7;N;POINTS;;;;2023-01-18;CUSTOM;859723
\CUSTOM\NP\MFQ\8;CUSTOM: NP\MFQ\8;MFQ - Subscore 8;N;POINTS;;;;2023-01-18;CUSTOM;859723
\CUSTOM\NP\MWTB;CUSTOM: NP\MWTB;MWT-B (Mehrfachwahl-Wortschatz-Intelligenztest);F;;;;;2023-01-18;CUSTOM;859723
\CUSTOM\NP\MWTB\C;CUSTOM: NP\MWTB\C;MWT-B C-Wert;N;POINTS;;;;2023-01-18;CUSTOM;859723
\CUSTOM\NP\MWTB\RAW;CUSTOM: NP\MWTB\RAW;MWT-B Rohwert;N;POINTS;;;;2023-01-18;CUSTOM;859723
\CUSTOM\Progressing\toDementia;CUSTOM: PROGRESSION_DEMENTIA;Progredienz zu Demenz;F;;;;;2023-01-06;CUSTOM;79190712
\CUSTOM\SCORES\BAIN_TREMOR;CUSTOM: SCORES\BAIN_TREMOR;Bain Tremorskala;N;POINTS;;;;2023-01-26;CUSTOM;859723
\CUSTOM\SCORES\CAIDE;CUSTOM: SCORES\BAIN_CAIDE;CAIDE Dementia Risk Score;N;POINTS;;;;2023-02-01;CUSTOM;859723
\CUSTOM\SCORES\DNMSQUEST;CUSTOM: SCORES\DNMSQUEST;DNMSQuest - Dystonia Non-Motor Symptoms Questionnaire;N;POINTS;;;;2023-01-26;CUSTOM;859723
\CUSTOM\SCORES\NMSQUEST;CUSTOM: SCORES\NMSQUEST;NMS Quest - Parkinson;N;POINTS;;;;2023-01-26;CUSTOM;859723
\ICD-10\F00-F09\F06\F06.7;ICD10: F06.7;Mild cognitive disorder;A;;;;;2023-01-06;ICD10-2019;859723
\ICD-10\I00-I99\I11\I11.0;ICD10: I11.0;Hypertensive heart disease with (congestive) heart failure;A;;;;;2023-01-06;ICD10-2019;859723
\LOINC\ADMIN.DEMOG\Patient\46463-6;LID: 46463-6;Race or Ethnicity;S;;;;;2023-01-06;LOINC;859723
\LOINC\ADMIN.DEMOG\Patient\46463-6\LA\1;LID: LA6155-1;American Indian or Alaska Native;A;;;;;2023-01-06;LOINC;859723
\LOINC\ADMIN.DEMOG\Patient\46463-6\LA\2;LID: LA6156-9;Asian;A;;;;;2023-01-06;LOINC;859723
\LOINC\ADMIN.DEMOG\Patient\46463-6\LA\3;LID: LA6162-7;Black or African-American;A;;;;;2023-01-06;LOINC;859723
\LOINC\ADMIN.DEMOG\Patient\46463-6\LA\4;LID: LA6214-6;Hispanic or Latino;A;;;;;2023-01-06;LOINC;859723
\LOINC\ADMIN.DEMOG\Patient\46463-6\LA\5;LID: LA6266-6;Native Hawaiian or Pacific Islander;A;;;;;2023-01-06;LOINC;859723
\LOINC\ADMIN.DEMOG\Patient\46463-6\LA\6;LID: LA4457-3;White;A;;;;;2023-01-06;LOINC;859723
\LOINC\ADMIN.DEMOG\Patient\46463-6\LA\UK;LID: LA4489-6;Unknown;A;;;;;2023-01-06;LOINC;859723
\LOINC\ADMIN.DEMOG\Patient\54505-3;LID: 54505-3;Language;S;;;;;2023-01-06;LOINC;859723
\LOINC\ADMIN.DEMOG\Patient\54505-3\LA\1;LID: LA43-XX;German;A;;;;;2023-01-06;LOINC;859723
\LOINC\ADMIN.DEMOG\Patient\54505-3\LA\2;LID: LA43-5;English;A;;;;;2023-01-06;LOINC;859723
\LOINC\ADMIN.DEMOG\Patient\54505-3\LA\3;LID: LA44-3;Spanish;A;;;;;2023-01-06;LOINC;859723
\LOINC\ADMIN.DEMOG\Patient\54505-3\LA\4;LID: LA4168-6;Chinese;A;;;;;2023-01-06;LOINC;859723
\LOINC\ADMIN.DEMOG\Patient\54505-3\LA\4;LID: LA46-8;Other;A;;;;;2023-01-06;LOINC;859723
\LOINC\ADMIN.DEMOG\Patient\74287-4;LID: 74287-4;Occupation;T;;;;;2023-01-06;LOINC;79190712
\LOINC\ADMIN.PATIENT.DEMOG\Patient\45404-1;LID: 45404-1;Maritual status;S;;;;;2023-01-06;LOINC;859723
\LOINC\ADMIN.PATIENT.DEMOG\Patient\45404-1\LA\1;LID: LA45404-1;never married;A;;;;;2023-01-06;LOINC;859723
\LOINC\ADMIN.PATIENT.DEMOG\Patient\45404-1\LA\2;LID: LA45404-2;married;A;;;;;2023-01-06;LOINC;859723
\LOINC\ADMIN.PATIENT.DEMOG\Patient\45404-1\LA\3;LID: LA45404-3;widowed;A;;;;;2023-01-06;LOINC;859723
\LOINC\ADMIN.PATIENT.DEMOG\Patient\45404-1\LA\4;LID: LA45404-4;seperated;A;;;;;2023-01-06;LOINC;859723
\LOINC\ADMIN.PATIENT.DEMOG\Patient\45404-1\LA\5;LID: LA45404-5;divorced;A;;;;;2023-01-06;LOINC;859723
\LOINC\ADMIN.PATIENT.DEMOG\Patient\45404-1\LA\6;LID: LA17717-2;single;A;;;;;2023-01-06;LOINC;859723
\LOINC\ADMIN.PATIENT.DEMOG\Patient\45404-1\LA\7;LID: LA32570-6;cohabitating;A;;;;;2023-01-06;LOINC;859723
\LOINC\ATOM\BP\8462-4;LID: 8462-4;Blood pressure diastolic;N;mmHg;;;;2023-01-03;LOINC;859723
\LOINC\ATOM\BP\8480-6;LID: 8480-6;Blood pressure systolic;N;mmHg;;;;2023-01-03;LOINC;859723
\LOINC\ATOM\HRTRATE\8867-4;LID: 8867-4;Heart rate;N;beats/min;;;;2023-01-03;LOINC;859723
\LOINC\CHEM\Bld\ 6298-4;LID:  6298-4;Kalium in Blood;N;mmol/l;;;;2023-01-03;LOINC;859723
\LOINC\CHEM\Bld\14646-4;LID: 14646-4;HDL-Cholesterin (Moles/Volume) in Serum or Plasma;N;mmol/l;;;;2023-01-03;LOINC;859723
\LOINC\CHEM\Bld\14685-2;LID: 14685-2;Cobalamin (Vitamin B12) (Moles/volume) in serum or plasma;N;pmol/l;;;;2023-01-03;LOINC;859723
\LOINC\CHEM\Bld\14879-1;LID: 14879-1;Phosphat (Mol/volume) in Serum or Plasma;N;mmol/l;;;;2023-01-03;LOINC;859723
\LOINC\CHEM\Bld\14927-8;LID: 14927-8;Triglyceride (Moles/Volume) in Blood;N;mmol/l;;;;2023-01-03;LOINC;859723
\LOINC\CHEM\Bld\20570-8;LID: 20570-8;Hematocrit (Volume Fraction) of Blood;N;%;;;;2023-01-03;LOINC;859723
\LOINC\CHEM\Bld\22664-7;LID: 22664-7;Urea (Moles/volume) in Serum or Plasma;N;mmol/l;;;;2023-01-03;LOINC;859723
\LOINC\CHEM\Bld\22748-8;LID: 22748-8;LDL-Cholesterin (Moles/Volume) in Serum or Plasma;N;mmol/l;;;;2023-01-03;LOINC;859723
\LOINC\CHEM\Bld\2593-2;LID: 2593-2;Magnesium( Mole/volume) in Blood;N;mmol/l;;;;2023-01-03;LOINC;859723
\LOINC\CHEM\Bld\26453-1;LID: 26453-1;Erythrocytes (#/Volume) in Blood;N;Tpt/l;;;;2023-01-03;LOINC;859723
\LOINC\CHEM\Bld\26464-8;LID: 26464-8;Leukocytes (#/Volume) in Blood;N;Gpt/l;;;;2023-01-03;LOINC;859723
\LOINC\CHEM\Bld\26515-7;LID: 26515-7;Platelets (#/volume) in Blood;N;Gpt/l;;;;2023-01-03;LOINC;859723
\LOINC\CHEM\Bld\2947-0;LID: 2085-9;HDL-Cholesterin;N;;;;;2023-01-06;LOINC;859723
\LOINC\CHEM\Bld\2947-0;LID: 2947-0;Natrium (mole/volume) in Blood;N;mmol/l;;;;2023-01-03;LOINC;859723
\LOINC\CHEM\Bld\3173-2;LID: 3173-2;aPTT in Blood by C.A;N;s;;;;2023-01-03;LOINC;859723
\LOINC\CHEM\Bld\34714-6;LID: 34714-6;INR in Blood by Coagulation assay;N;;;;;2023-01-03;LOINC;859723
\LOINC\CHEM\Bld\38483-4;LID: 38483-4;kreatinin (Mass/Voloume) in Blood;N;umol/l;;;;2023-01-03;LOINC;859723
\LOINC\CHEM\Bld\6298-4;LID: 6298-4;Kalium;N;mmol/l;;;;2023-01-16;LOINC;859723
\LOINC\CHEM\Bld\718-7;LID: 718-7;Hemoglobin (Mass/Volume) in Blood;N;mmol/l;;;;2023-01-03;LOINC;859723
\LOINC\CHEM\Bld\74246-8;LID: 74246-8;Haemoglobin A1c/haemoglobin.total in Blood durch IFCC-protokoll;N;%;;;;2023-01-03;LOINC;859723
\LOINC\CHEM\Bld\76485-2;LID: 76485-2;C-reaktives Protein Moles/Volume in serum or Plasma: 76485-2;N;mg/l;;;;2023-01-03;LOINC;859723
\LOINC\CHEM\CSF\30160-6;LID: 30160-6;Tau-Protein (Mass/Volume) in Cerebral spinal fluid;N;pg/ml;;;;2023-01-03;LOINC;859723
\LOINC\CHEM\CSF\33203-1;LID: 33203-1;Amyloid beta 42 peptide (Mass/Volume) in cerebral spinal fluid;N;pg/ml;;;;2023-01-03;LOINC;859723
\LOINC\CHEM\CSF\72260-3;LID: 72260-3;Phosphorylated tau 181 (Mass/Volume) in cerebral spinal fluid by Immunoassay;N;pg/ml;;;;2023-01-03;LOINC;859723
\LOINC\CHEM\LP40001-7;LID: LP40001-7;TPO-AK (Thyreoperoxidase-Antikoerper);N;U/ml;;;;2023-01-16;LOINC;859723
\LOINC\CLINICAL\PANEL\UPDRS\77717-7;LID: 77717-7;UPDRS - Unified Parkinson's Disease Rating Scale ;F;;;;;2023-01-26;LOINC;859723
\LOINC\CLINICAL\PANEL\UPDRS\77717-7\77720-1;LID: 77720-1;UPDRS III - Motor;N;POINTS;;;;2023-01-26;LOINC;859723
\LOINC\HX\11331-6;LID: 11331-6;History of Alcohol use;S;;;;;2023-01-03;LOINC;859723
\LOINC\HX\72166-2;LID: 72166-2;Tabacco Smoking status;S;;;;;2023-01-03;LOINC;859723
\LOINC\HX\72166-2\LA\15920-4\LA15920-4;LID: LA15920-4;former smoker;A;;;;;2023-01-03;LOINC;859723
\LOINC\HX\72166-2\LA\18976-3\LA18976-3;LID: LA18976-3;current every day smoker;A;;;;;2023-01-03;LOINC;859723
\LOINC\HX\72166-2\LA\18977-1\LA18977-1;LID: LA18977-1;current some day smoker;A;;;;;2023-01-03;LOINC;859723
\LOINC\HX\72166-2\LA\18978-9\LA18978-9;LID: LA18978-9;never smoker;A;;;;;2023-01-03;LOINC;859723
\LOINC\HX\72166-2\LA\18979-7\LA18979-7;LID: LA18979-7;smoker, current status unkown;A;;;;;2023-01-03;LOINC;859723
\LOINC\HX\72166-2\LA\18980-5\LA18980-5;LID: LA18980-5;Unkwon if ever smoked;A;;;;;2023-01-03;LOINC;859723
\LOINC\HX\99222-2;LID: 99222-2;Employed;F;;;;;2023-01-24;LOINC;859723
\LOINC\HX\99222-2T;LID: 99222-2T;Employment;T;;;;;2023-01-24;LOINC;859723
\LOINC\HX\LL6006-2;LID: LL6006-2;Employment Situations;S;;;;;2023-01-24;LOINC;859723
\LOINC\HX\LL6006-2\LA\1;LID: LA17991-3;retired;A;;;;;2023-01-24;LOINC;859723
\LOINC\HX\LL6006-2\LA\2;LID: LA32460-0;permanently unable to work;A;;;;;2023-01-24;LOINC;859723
\LOINC\HX\LL6006-2\LA\3;LID: LA46-8*;other;A;;;;;2023-01-24;LOINC;859723
\LOINC\MEDS\18607-2;LID: 18607-2;Current medication Dose;N;variabel;;;;2023-01-03;LOINC;859723
\LOINC\MEDS\52418-1;LID: 52418-1;Current medication, Name;T;;;;;2023-01-03;LOINC;859723
\LOINC\PHENX\Patient\63900-5;LID: 63900-5;Age;N;years;{'range':[0,200]};;;2023-01-06;LOINC;859723
\LOINC\REHAB\18630-4;LID: 18630-4;Primary Diagnosis;T;;;;;2023-01-03;LOINC;859723
\LOINC\SURVEY\72107-6;LID: 72107-6;MMSE;N;POINTS;;;;2023-01-03;LOINC;859723
\LOINC\SURVEY\72107-6\72106-8;LID: 72106-8;MMSE Total Score;N;POINTS;;;;2023-01-03;LOINC;859723
\LOINC\SURVEY\72133-2;LID: 72133-2;MOCA;F;;;;;2023-01-03;LOINC;859723
\LOINC\SURVEY\72133-2\72172-0;LID: 72172-0;MOCA Total Score;N;POINTS;;;;2023-01-03;LOINC;859723
\SNOMED-CD\254291000\273249006\273882000;SCTID: 273882000;TMT - Trail making test;N;POINTS;;;;2023-01-18;SNOMED-CT;859723
\SNOMED-CD\254291000\273249006\273882000\TMTA\C\NP\TMT\A\C;CUSTOM: NP\TMT\A\C;TMT-A C-Wert;N;POINTS;;;;2023-01-18;CUSTOM;859723
\SNOMED-CD\254291000\273249006\273882000\TMTA\RAW\NP\TMT\A\RAW;CUSTOM: NP\TMT\A\RAW;TMT-A Rohwert;N;POINTS;;;;2023-01-18;CUSTOM;859723
\SNOMED-CD\254291000\273249006\273882000\TMTB\C\NP\TMT\B\C;CUSTOM: NP\TMT\B\C;TMT-B C-Wert;N;POINTS;;;;2023-01-18;CUSTOM;859723
\SNOMED-CD\254291000\273249006\273882000\TMTB\RAW\NP\TMT\B\RAW;CUSTOM: NP\TMT\B\RAW;TMT-B Rohwert;N;POINTS;;;;2023-01-18;CUSTOM;859723
\SNOMED-CD\254291000\273249006\273882000\TMTVR\A\NP\TMT\VR\A;CUSTOM: NP\TMT\VR\A;TMT-A VR Version;N;Seconds;;;;2023-01-18;CUSTOM;859723
\SNOMED-CD\254291000\273249006\273882000\TMTVR\B\NP\TMT\VR\B;CUSTOM: NP\TMT\VR\B;TMT-B VR Version;N;Seconds;;;;2023-01-18;CUSTOM;859723
\SNOMED-CD\254291000\273249006\273882000\TMTVR\NP\TMT\VR;CUSTOM: NP\TMT\VR;TMT - VR Version;N;Seconds;;;;2023-01-18;CUSTOM;859723
\SNOMED-CD\254291000\273249006\304776005;SCTID: 304776005;Farbe-Wort-Interferenz-Test (Stroop neuropsychological screening test);N;POINTS;;;;2023-01-18;SNOMED-CT;859723
\SNOMED-CD\254291000\273249006\304776005\1\NP\STROOP\1;CUSTOM: NP\STROOP\1;Stroop - Part 1;N;POINTS;;;;2023-01-18;CUSTOM;859723
\SNOMED-CD\254291000\273249006\304776005\2\NP\STROOP\2;CUSTOM: NP\STROOP\2;Stroop - Part 2;N;POINTS;;;;2023-01-18;CUSTOM;859723
\SNOMED-CD\254291000\273249006\304776005\3\NP\STROOP\3;CUSTOM: NP\STROOP\3;Stroop - Part 3;N;POINTS;;;;2023-01-18;CUSTOM;859723
\SNOMED-CD\254291000\273249006\307792009\311521009;SCTID: 311521009;ROCFT (Rey-Osterrieth Complex Figure Test);N;POINTS;;;;2023-01-18;SNOMED-CT;859723
\SNOMED-CD\254291000\273249006\307792009\311521009\CFG\NP\ROCFT\CFT;CUSTOM: NP\ROCFT\CFT;ROCFT CFT;N;POINTS;;;;2023-01-18;CUSTOM;859723
\SNOMED-CD\254291000\273249006\307792009\311521009\CFM\NP\ROCFT\CFM;CUSTOM: NP\ROCFT\CFM;ROCFT CFM;N;POINTS;;;;2023-01-18;CUSTOM;859723
\SNOMED-CD\254291000\273249006\307792009\311521009\CQM\NP\ROCFT\CQM;CUSTOM: NP\ROCFT\CQM;ROCFT CQM;N;POINTS;;;;2023-01-18;CUSTOM;859723
\SNOMED-CD\254291000\273249006\311478003;SCTID: 311478003;VLMT - Verbaler Lern- und Merkfaehigkeitstest;N;POINTS;;;;2023-01-18;SNOMED-CT;859723
\SNOMED-CD\254291000\273249006\311478003\DG1\NP\VLMT\DG1;CUSTOM: NP\VLMT\DG1;VLMT - Dg1;N;POINTS;;;;2023-01-18;CUSTOM;859723
\SNOMED-CD\254291000\273249006\311478003\DG5_7\NP\VLMT\DG5_7;CUSTOM: NP\VLMT\DG5_7;VLMT - Dg5-7;N;POINTS;;;;2023-01-18;CUSTOM;859723
\SNOMED-CD\254291000\273249006\311478003\DG5\NP\VLMT\DG5;CUSTOM: NP\VLMT\DG5;VLMT - Dg5;N;POINTS;;;;2023-01-18;CUSTOM;859723
\SNOMED-CD\254291000\273249006\311478003\W_F\NP\VLMT\W_F;CUSTOM: NP\VLMT\W_F;VLMT - W-F;N;POINTS;;;;2023-01-18;CUSTOM;859723
\SNOMED-CT\138875005\71388002\14734007\305056002\305335007\305349003\40274000;SCTID: 40274000;Grund der Einweisung / Clinic admission;T;;;;;2023-02-01;SNOMED-CT;859723
\SNOMED-CD\363787002\363788007\416342005\716757008;SCTID: 716757008;Referring organization;T;;;;;2023-02-01;SNOMED-CT;859723
\SNOMED-CD\363787002\363788007\363870007\720433000;SCTID: 720433000;PHQ-9 (Patient Health Questionnaire Nine Item score);N;POINTS;;;;2023-01-18;SNOMED-CT;859723
\SNOMED-CD\363787002\363788007\364392006\251832002\251898000;SCTID: 251898000;VO2max (Maximum oxygen uptake);N;POINTS;;;;2023-01-18;SNOMED-CT;859723
\SNOMED-CT\105523009;SCTID: 105523009;Gambling (finding);F;;;;;2023-01-24;SNOMED-CT;859723
\SNOMED-CT\105529008;SCTID: 105529008;Lives alone (finding);F;;;;;2023-01-03;SNOMED-CT;859723
\SNOMED-CT\105721009\102478008;SCTID: 102478008;Pre-existing conditions;T;;;;;2023-01-03;SNOMED-CT;859723
\SNOMED-CT\138875005\71388002\128927009\420227002\304541006;SCTID: 304541006;Recommendation treatment / Therapieempfehlung;T;;;;;2023-01-03;SNOMED-CT;859723
\SNOMED-CT\138875005\362981000\106229004\47965005;SCTID: 47965005;Differential diagnosis;T;;;;;2023-01-03;SNOMED-CT;859723
\SNOMED-CT\138875005\363787002\363788007\363870007\363871006\363817001\248254009;SCTID: 248254009;Quality of Sleep / Schlafqualitt;T;;;;;2023-01-03;SNOMED-CT;859723
\SNOMED-CT\138875005\404684003\118222006\298343000\298346008;SCTID: 298346008;Finding of frequency of falls / Strze;T;;;;;2023-01-03;SNOMED-CT;859723
\SNOMED-CT\138875005\71388002\362958002\118664000\118678004\8472800571388002\362958002\118664000\118678004\84728005;SCTID: 84728005;Neurological examination / neurologischer Untersuchungsbefund;T;;;;;2023-01-03;SNOMED-CT;859723
\SNOMED-CT\138875005\363787002\363819003\513881000000106;SCTID: 513881000000106;Current medication as reported by patient ;T;;;;;2023-01-03;SNOMED-CT;859723
\SNOMED-CT\138875005\404684003\418799008;SCTID: 418799008;Finding reported by subject or history provider;T;;;;;2023-01-03;SNOMED-CT;859723
\SNOMED-CT\138875005\243796009\413350009\417662000\312850006\161464003;SCTID: 161464003;History of psychiatric disorder;F;;;;;2023-01-24;SNOMED-CT;859723
\SNOMED-CT\138875005\243796009\413350009\417662000\312850006\161464003\429124005\161469008;SCTID: 161469008;History of Depression;F;;;;;2023-01-24;SNOMED-CT;859723
\SNOMED-CT\138875005\243796009\413350009\417662000\312850006\180301000119102;SCTID: 180301000119102;History of disorder of vision;F;;;;;2023-01-24;SNOMED-CT;859723
\SNOMED-CT\138875005\254291000\273249006;SCTID: 273249006;Assessment scales ;T;;;;;2023-01-24;SNOMED-CT;859723
\SNOMED-CT\138875005\254291000\273249006\1153637007;SCTID: 1153637007;Body height;N;cm;;;;2023-01-24;SNOMED-CT;859723
\SNOMED-CT\138875005\254291000\273249006\450741005;SCTID: 450741005;NIHSS - National Institutes of Health stroke scale (assessment scale);F;;;;;2023-01-23;SNOMED-CT;859723
\SNOMED-CT\138875005\254291000\273249006\708735004;SCTID: 708735004;Epworth Sleepiness Scale (assessment scale);F;;;;;2023-01-26;SNOMED-CT;859723
\SNOMED-CT\138875005\273249006\699200007;SCTID: 699200007;PSQI - Pittsburgh sleep quality index;N;POINTS;;;;2023-01-06;SNOMED-CT;859723
\SNOMED-CT\138875005\362981000\272099008\106232001\106234000;SCTID: 106234000;Adjectival modifier (qualifier value);S;;;;;2023-01-06;SNOMED-CT;859723
\SNOMED-CT\138875005\362981000\272099008\106232001\106234000\29179001;SCTID: 29179001;Closed;A;;;;;2023-01-06;SNOMED-CT;859723
\SNOMED-CT\138875005\362981000\272099008\106232001\106234000\55561003;SCTID: 55561003;Active;A;;;;;2023-01-06;SNOMED-CT;859723
\SNOMED-CT\138875005\362981000\272099008\106232001\106234000\73425007;SCTID: 73425007;Inactive;A;;;;;2023-01-06;SNOMED-CT;859723
\SNOMED-CT\138875005\362981000\272099008\106232001\106234000\73504009;SCTID: 73504009;Classified;A;;;;;2023-01-06;SNOMED-CT;859723
\SNOMED-CT\138875005\363787002\106126000;SCTID: 106126000;Emotional state finding (finding);T;;;;;2023-01-03;SNOMED-CT;859723
\SNOMED-CT\138875005\363787002\160476009\160553008;SCTID: 160553008;Degree of religious observance;N;of 10;;;;2023-01-03;SNOMED-CT;859723
\SNOMED-CT\138875005\363787002\160476009\184099003;SCTID: 184099003;Date of birth;D;;;;;2023-01-06;SNOMED-CT;859723
\SNOMED-CT\138875005\363787002\363788007\363789004\248326004\363804004\27113001;SCTID: 27113001;Weight (body weight);N;kg;;;;2023-01-06;SNOMED-CT;859723
\SNOMED-CT\138875005\363787002\363788007\363789004\248326004\60621009;SCTID: 60621009;BMI (body mass index);N;kg/m2;;;;2023-01-06;SNOMED-CT;859723
\SNOMED-CT\138875005\363787002\363788007\363820009\450743008;SCTID: 450743008;NIHSS - Score;N;POINTS;;;;2023-01-23;SNOMED-CT;859723
\SNOMED-CT\138875005\363787002\363788007\363870007\363871006\248217000\363817001\763254009;SCTID: 763254009;Epworth Sleepiness Scale score;N;POINTS;;;;2023-01-26;SNOMED-CT;859723
\SNOMED-CT\138875005\363787002\363788007\363870007\363871006\248217000\363817001\763254009;SCTID: 716138005;Hoehn and Yahr Scale score;N;POINTS;;;;2023-01-26;SNOMED-CT;859723
\SNOMED-CT\138875005\363787002\363788007\363870007\363896009\228272008\1187057000\363905002\443315005;SCTID: 443315005;Number of alcohol units consumed on typical drinking day (observable entity);T;UNITs/day;;;;2023-01-03;SNOMED-CT;859723
\SNOMED-CT\138875005\363787002\363788007\364066008\364072008\364075005;SCTID: 364075005;Heart rate;N;bpm;;;;2023-01-06;SNOMED-CT;859723
\SNOMED-CT\138875005\363787002\415178003\257733005\48761009\68130003\14468000;SCTID: 14468000;Sports activity ;T;;;;;2023-01-03;SNOMED-CT;859723
\SNOMED-CT\138875005\363787002\782487009\1255866005;SCTID: 1255866005;mRS - Modified Rankin Scale score;N;POINTS;;;;2023-01-26;SNOMED-CT;859723
\SNOMED-CT\138875005\404684003\118254002\406122000\298364001\246915008\301984002\225582009;SCTID: 225582009;Wears glasses (finding);F;;;;;2023-01-24;SNOMED-CT;859723
\SNOMED-CT\138875005\404684003\64572001\75934005\126877002\126877002\73211009\344054006;SCTID: 44054006;Diabetes mellitus 2;F;;;;;2023-01-06;SNOMED-CT;859723
\SNOMED-CT\138875005\71388002\128927009\386053000\445536008\717268000;SCTID: 717268000;BDI II - Beck Depression Inventory II;N;POINTS;;;;2023-01-06;SNOMED-CT;859723
\SNOMED-CT\138875005\71388002\128927009\386053000\445536008\770636004;SCTID: 770636004;SF-36 Assessment using Medical Outcomes Study 36-item Short Form Health Survey;F;;;;;2023-01-03;SNOMED-CT;859723
\SNOMED-CT\138875005\71388002\128927009\386053000\445536008\770636004\LA\1;SCTID: 770636004/pf;SF-36 Subscore: Physical functioning;F;;;;;2023-01-03;SNOMED-CT;859723
\SNOMED-CT\138875005\71388002\128927009\386053000\445536008\770636004\LA\2;SCTID: 770636004/lh;SF-36 Subscore: limitations/health;F;;;;;2023-01-03;SNOMED-CT;859723
\SNOMED-CT\138875005\71388002\128927009\386053000\445536008\770636004\LA\3;SCTID: 770636004/le;SF-36 Subscore: limitations/emotional problems;F;;;;;2023-01-03;SNOMED-CT;859723
\SNOMED-CT\138875005\71388002\128927009\386053000\445536008\770636004\LA\4;SCTID: 770636004/ef;SF-36 Subscore: energy/fatigue;F;;;;;2023-01-03;SNOMED-CT;859723
\SNOMED-CT\138875005\71388002\128927009\386053000\445536008\770636004\LA\5;SCTID: 770636004/ewb;SF-36 Subscore: Emotional well-beeing;F;;;;;2023-01-03;SNOMED-CT;859723
\SNOMED-CT\138875005\71388002\128927009\386053000\445536008\770636004\LA\6;SCTID: 770636004/sf;SF-36 Subscore: social functioning;F;;;;;2023-01-03;SNOMED-CT;859723
\SNOMED-CT\138875005\71388002\128927009\386053000\445536008\770636004\LA\7;SCTID: 770636004/pain;SF-36 Subscore: Pain;F;;;;;2023-01-03;SNOMED-CT;859723
\SNOMED-CT\138875005\71388002\128927009\386053000\445536008\770636004\LA\8;SCTID: 770636004/gh;SF-36 Subscore: General health;F;;;;;2023-01-03;SNOMED-CT;859723
\SNOMED-CT\138875005\71388002\128927009\386053000\445536008\770636004\LA\9;SCTID: 770636004/hc;SF-36 Subscore: Health change;F;;;;;2023-01-03;SNOMED-CT;859723
\SNOMED-CT\15220000;SCTID: 15220000;Laboratory test;F;;;;;2023-01-03;LOINC;859723
\SNOMED-CT\160538000;SCTID: 160538000;Religious affiliation;S;;;;;2023-01-06;SNOMED-CT;859723
\SNOMED-CT\160538000\LA\1;SCTID: 160552003;not religious;A;;;;;2023-01-06;SNOMED-CT;859723
\SNOMED-CT\160538000\LA\2;SCTID: 276116000;Christian religion;A;;;;;2023-01-06;SNOMED-CT;859723
\SNOMED-CT\160538000\LA\3;SCTID: 298020003;Protestant religion;A;;;;;2023-01-06;SNOMED-CT;859723
\SNOMED-CT\160538000\LA\4;SCTID: 33822009;Buddhism;A;;;;;2023-01-06;SNOMED-CT;859723
\SNOMED-CT\160538000\LA\5;SCTID: 312864006;unknown;A;;;;;2023-01-06;SNOMED-CT;859723
\SNOMED-CT\167699000;SCTID: 167699000;Cerebrospinal fluid examination;F;;;;;2023-01-03;SNOMED-CT;859723
\SNOMED-CT\228273003;SCTID: 228273003;Finding relating to alcohol drinking behavior (finding);S;;;;;2023-01-03;SNOMED-CT;859723
\SNOMED-CT\228273003\LA\783261004;SCTID: 783261004;never alcohol;A;;;;;2023-01-03;SNOMED-CT;859723
\SNOMED-CT\252559003;SCTID: 252559003;olfaction test;S;;;;;2023-01-03;SNOMED-CT;859723
\SNOMED-CT\252559003\LA\299900007;SCTID: 299900007;Normosmie (Sense of smell normal (finding));A;;;;;2023-01-03;SNOMED-CT;859723
\SNOMED-CT\252559003\LA\44169009;SCTID: 44169009;Anosmie ( Loss of sense of smell (finding));A;;;;;2023-01-03;SNOMED-CT;859723
\SNOMED-CT\252559003\LA\83156004;SCTID: 83156004;Hyposmie (Sense of smell impaires (finding));A;;;;;2023-01-03;SNOMED-CT;859723
\SNOMED-CT\254291000\273249006\273524006;SCTID: 273524006;HADS-D (Hospital anxiety and depression scale)(assessment scale);F;;;;;2023-01-03;SNOMED-CT;859723
\SNOMED-CT\254291000\273249006\273524006\anxiety\NP\HADSD\ANXIETY;CUSTOM: NP\HADSD\ANXIETY;HADS-D: anxiety score;N;POINTS;;;;2023-01-18;CUSTOM;859723
\SNOMED-CT\254291000\273249006\273524006\depression\NP\HADSD\DEPRESSION;CUSTOM: NP\HADSD\DEPRESSION;HADS-D: depression score;N;POINTS;;;;2023-01-18;CUSTOM;859723
\SNOMED-CT\258450006;SCTID: 258450006;Cerebrospinal fluid specimen (specimen);T;;;;;2023-01-03;SNOMED-CT;859723
\SNOMED-CT\272141005;SCTID: 272141005;Severities (qualifier value);S;;;;;2023-01-06;SNOMED-CT;859723
\SNOMED-CT\272141005\24484000;SCTID: 24484000;severe;A;;;;;2023-01-06;SNOMED-CT;859723
\SNOMED-CT\272141005\255604002;SCTID: 255604002;mild;A;;;;;2023-01-06;SNOMED-CT;859723
\SNOMED-CT\272141005\272141005;SCTID: 371924009;modertae to severe;A;;;;;2023-01-06;SNOMED-CT;859723
\SNOMED-CT\272141005\371923003;SCTID: 371923003;mild to moderate;A;;;;;2023-01-06;SNOMED-CT;859723
\SNOMED-CT\272141005\6736007;SCTID: 6736007;moderate;A;;;;;2023-01-06;SNOMED-CT;859723
\SNOMED-CT\272141005\86005002;SCTID: 86005002;advanced;A;;;;;2023-01-06;SNOMED-CT;859723
\SNOMED-CT\273302005;SCTID: 273302005;Barthel index;N;POINTS;;;;2023-01-03;SNOMED-CT;859723
\SNOMED-CT\273524006\401319005;SCTID: 401319005;Hospital Anxiety and Depression scale: anxiety score (observable entity);N;POINTS;;;;2023-01-03;SNOMED-CT;859723
\SNOMED-CT\273524006\401320004;SCTID: 401320004;Hospital Anxiety and Depression scale: depression score (observable entity);N;POINTS;;;;2023-01-03;SNOMED-CT;859723
\SNOMED-CT\2801000175104T;SCTID: 2801000175104T;Playing games on a screen  / Description;T;;;;;2023-01-03;SNOMED-CT;859723
\SNOMED-CT\302147001\397635003;SCTID: 397635003;Address;T;;;;;2023-01-06;SNOMED-CT;859723
\SNOMED-CT\302147001\703503000\371484003;SCTID: 371484003;Patient name;T;;;;;2023-01-06;SNOMED-CT;859723
\SNOMED-CT\34227000;SCTID: 34227000;CT of brain;S;;;;;2023-01-03;SNOMED-CT;859723
\SNOMED-CT\34227000\LA\407670004;SCTID: 407670004;CT of brain abnormal;A;;;;;2023-01-03;SNOMED-CT;859723
\SNOMED-CT\34227000\LA\408568004;SCTID: 408568004;CT scan brain- normal;A;;;;;2023-01-03;SNOMED-CT;859723
\SNOMED-CT\35489007;SCTID: 35489007;Depression (disorder);F;;;;;2023-01-03;SNOMED-CT;859723
\SNOMED-CT\361055000;SCTID: 361055000;Misuses drugs (finding);F;;;;;2023-01-24;SNOMED-CT;859723
\SNOMED-CT\362981000\260245000\260411009\373066001;SCTID: 373066001;Yes;A;;;;;2023-01-06;SNOMED-CT;859723
\SNOMED-CT\362981000\260245000\373066001;SCTID: 373068000;unknown;A;;;;;2023-01-06;SNOMED-CT;859723
\SNOMED-CT\362981000\260245000\373067005;SCTID: 373067005;No;A;;;;;2023-01-06;SNOMED-CT;859723
\SNOMED-CT\363787002\224285004\224288002;SCTID: 224288002;Duration of fromal education;N;Years;;;;2023-01-03;SNOMED-CT;859723
\SNOMED-CT\363787002\423901009\422549004\184107009;SCTID: 184107009;Patient hospital number;T;;;;;2023-01-06;SNOMED-CT;859723
\SNOMED-CT\363787003\278844005\263495000;SCTID: 263495000;Gender;S;;;;;2023-01-06;SNOMED-CT;859723
\SNOMED-CT\363787003\278844005\263495000\LA\1;SCTID: 248152002;Female;A;;;;;2023-01-06;SNOMED-CT;859723
\SNOMED-CT\363787003\278844005\263495000\LA\2;SCTID: 248153007;Male;A;;;;;2023-01-06;SNOMED-CT;859723
\SNOMED-CT\363787003\278844005\263495000\LA\3;SCTID: 32570691000036108;Intersex;A;;;;;2023-01-06;SNOMED-CT;859723
\SNOMED-CT\363787003\278844005\263495000\LA\4;SCTID: 407374003;Transsexual;A;;;;;2023-01-06;SNOMED-CT;859723
\SNOMED-CT\365860008;SCTID: 365860008;General clinical state finding;S;;;;;2023-01-06;SNOMED-CT;859723
\SNOMED-CT\365860008\LA\1;SCTID: 438949009;alive;A;;;;;2023-01-06;SNOMED-CT;859723
\SNOMED-CT\365860008\LA\2;SCTID: 419099009;dead;A;;;;;2023-01-06;SNOMED-CT;859723
\SNOMED-CT\365860008\LA\3;SCTID: 438949009xx;unknown;A;;;;;2023-01-06;SNOMED-CT;859723
\SNOMED-CT\38341003;SCTID: 38341003;Hypertensive disorder, systemic arterial (disorder);F;;;;;2023-01-03;SNOMED-CT;859723
\SNOMED-CT\386807006;SCTID: 386807006;Memory impairment (finding);F;;;;;2023-01-24;SNOMED-CT;859723
\SNOMED-CT\394877006;SCTID: 394877006;Family History of dementia;F;;;;;2023-01-16;SNOMED-CT;859723
\SNOMED-CT\445412006;SCTID: 445412006;ACE-III;N;POINTS;;;;2023-01-03;SNOMED-CT;859723
\SNOMED-CT\445412006\473311008;SCTID: 473311008;ACE-III language;N;POINTS;;;;2023-01-03;SNOMED-CT;859723
\SNOMED-CT\445412006\473312001;SCTID: 473312001;ACE-III Attention;N;POINTS;;;;2023-01-03;SNOMED-CT;859723
\SNOMED-CT\445412006\473313006;SCTID: 473313006;ACE-III Memory;N;POINTS;;;;2023-01-03;SNOMED-CT;859723
\SNOMED-CT\445412006\473314000;SCTID: 473314000;ACE-III visospatial;N;POINTS;;;;2023-01-03;SNOMED-CT;859723
\SNOMED-CT\445412006\473315004;SCTID: 473315004;ACE-III Exekutiv/ Fluency;N;POINTS;;;;2023-01-03;SNOMED-CT;859723
\SNOMED-CT\447634004;SCTID: 447634004;ICD-10 map category value;T;;;;;2023-01-06;SNOMED-CT;859723
\SNOMED-CT\52448006;SCTID: 52448006;Form der Demenz;T;;;;;2023-01-16;SNOMED-CT;859723
\SNOMED-CT\54550000;SCTID: 54550000;EEG;S;;;;;2023-01-03;SNOMED-CT;859723
\SNOMED-CT\54550000\LA\164717000;SCTID: 164717000;EEG normal;A;;;;;2023-01-13;SNOMED-CT;79190712
\SNOMED-CT\54550000\LA\274521009;SCTID: 274521009;EEG abnormal;A;;;;;2023-01-13;SNOMED-CT;79190712
\SNOMED-CT\56265001;SCTID: 56265001;Heart disease;F;;;;;2023-01-03;SNOMED-CT;859723
\SNOMED-CT\63718003;LID: 63718003;Folsaeure;N;ug/l;;;;2023-01-03;SNOMED-CT;859723
\SNOMED-CT\71388002\243120004\225334002;SCTID: 225334002;Interventionsgruppe / Intervention regime (regime/therapy);T;;;;;2023-01-18;SNOMED-CT;859723
\SNOMED-CT\71388002\243120004\225334002\ADHERENCE\INTERVENTION\ADHERENCE;CUSTOM: INTERVENTION\ADHERENCE;Adherenz zur Intervention;N;PERCENT;;;;2023-01-18;CUSTOM;859723
\SNOMED-CT\765172009;SCTID: 765172009;Doppler ultrasound;F;;;;;2023-01-03;SNOMED-CT;859723
\SNOMED-CT\767525000;SCTID: 767525000;UNIT;S;;;;;2023-01-03;SNOMED-CT;859723
\SNOMED-CT\767525000\LA\257997001;SCTID: 257997001;seconds (s) (qualifier value);A;;;;;2023-01-03;SNOMED-CT;859723
\SNOMED-CT\767525000\LA\258684004;SCTID: 258684004;Milligram;A;;;;;2023-01-03;SNOMED-CT;859723
\SNOMED-CT\767525000\LA\258796002;SCTID: 258796002;Miligram/liter (mg/l) (qualifier value);A;;;;;2023-01-03;SNOMED-CT;859723
\SNOMED-CT\767525000\LA\258799009;SCTID: 258799009;Microgram/liter (ug/l) (qualifier value);A;;;;;2023-01-03;SNOMED-CT;859723
\SNOMED-CT\767525000\LA\258808001;SCTID: 258808001;Picogram/milliliter (pg/ml) (qualifier value);A;;;;;2023-01-03;SNOMED-CT;859723
\SNOMED-CT\767525000\LA\258813002;SCTID: 258813002;Millimol/liter (mmol/l) (qualifier value);A;;;;;2023-01-03;SNOMED-CT;859723
\SNOMED-CT\767525000\LA\258814008;SCTID: 258814008;Micromole/liter (umol/l) (qualifier value);A;;;;;2023-01-03;SNOMED-CT;859723
\SNOMED-CT\767525000\LA\258819003;SCTID: 258819003;Picomole/liter (pmol/l) (qulifier value);A;;;;;2023-01-03;SNOMED-CT;859723
\SNOMED-CT\767525000\LA\258948008;SCTID: 258948008;Unit/milliliter (U/ml) (qualifier value);A;;;;;2023-01-03;SNOMED-CT;859723
\SNOMED-CT\767525000\LA\258983007;SCTID: 258983007;beats/min;A;;;;;2023-01-03;SNOMED-CT;859723
\SNOMED-CT\767525000\LA\259018001;SCTID: 259018001;Millimeter of mercuryÂ (mmHg);A;;;;;2023-01-03;SNOMED-CT;859723
\SNOMED-CT\767525000\LA\260959001;SCTID: 260959001;Number of points;A;;;;;2023-01-03;SNOMED-CT;859723
\SNOMED-CT\816077007;SCTID: 816077007;MRI of brain;S;;;;;2023-01-03;SNOMED-CT;859723
\SNOMED-CT\816077007\LA\407669000;SCTID: 407669000;MRI of brain abnormal;A;;;;;2023-01-03;SNOMED-CT;859723
\SNOMED-CT\816077007\LA\416318006;SCTID: 416318006;MRI of brain normal;A;;;;;2023-01-03;SNOMED-CT;859723
\SNOMED-CT\840318003;SCTID: 840318003;Assessment using mRS;F;;;;;2023-01-26;SNOMED-CT;859723